label,type,site_admin,company,blog,location,hireable,bio,public_repos,public_gists,followers,following,created_at,updated_at,text_bot_count
Human,True,False,False,False,False,False,,26,1,5,1,2011-09-26T17:27:03Z,2023-12-11T13:11:45Z,0
Human,True,False,False,True,False,True,"I just press the buttons randomly, and the program evolves...",30,3,9,6,2015-06-29T10:12:46Z,2023-10-07T06:26:14Z,0
Human,True,False,True,True,True,True,"Time is unimportant,
only life important.",103,49,1217,225,2008-08-29T16:20:03Z,2023-12-11T01:39:38Z,0
Bot,True,False,False,False,True,False,,49,0,89,2,2014-05-20T18:43:09Z,2023-12-11T12:24:50Z,0
Human,True,False,False,False,False,True,,11,1,6,2,2012-08-16T14:19:13Z,2023-11-22T00:56:51Z,0
Human,True,False,True,True,True,False,Done studying. Need challenges.,57,1,22,7,2017-04-11T14:08:07Z,2023-11-04T18:52:14Z,0
Human,True,False,True,True,True,True,Administrator of MOONGIFT that is introducing open source software everyday to Japanese engineers since 2004. ,279,1139,64,16,2008-04-07T22:22:22Z,2023-11-19T03:03:18Z,0
Human,True,False,True,False,True,False,"Senior Software Engineer at Google, working on Certificate Transparency and generalized transparency.",40,1,23,0,2012-01-19T21:57:07Z,2023-12-01T16:32:36Z,0
Human,True,False,False,False,False,False,,27,2,37,596,2019-12-24T20:04:33Z,2023-11-13T12:13:22Z,0
Human,True,False,True,True,True,False,Hi,42,9,14,2,2013-07-23T23:29:34Z,2023-10-09T20:47:05Z,0
Human,True,False,True,False,True,False,"
    Software Engineer
",48,14,15,27,2016-04-05T07:29:09Z,2023-12-05T19:40:20Z,0
Human,True,False,True,False,False,False,"Senior Staff SWE on Open Source Security @ Google.

Founder of the OSV.dev project, co-founder of OSS-Fuzz. ",48,2,219,4,2011-04-29T14:08:17Z,2023-12-12T00:27:04Z,0
Human,True,False,True,True,True,True,üëã ‚Ä¢ Developer enjoying Cloud Infrastructure and Artificial Intelligence. Mathematics Student at Paris-Saclay ,20,0,22,32,2017-06-27T19:04:38Z,2023-11-30T19:10:17Z,0
Human,True,False,True,True,True,True,üëâWeb Dev Freelance,15,2,33,26,2018-01-02T17:08:06Z,2023-12-06T08:13:00Z,0
Human,True,False,True,True,True,False,"Research Associate & PhD Student, Mobile Cloud Computing Research Group at Technische Universit√§t Berlin and Einstein Center Digital Future",52,4,46,32,2015-03-09T08:34:23Z,2023-12-05T12:22:16Z,0
Human,True,False,False,False,False,False,"what even is git tho

",1,2,5,1,2014-08-29T09:37:04Z,2023-10-12T02:40:32Z,0
Human,True,False,True,False,True,False,"I Quit My Job to Become a Full Stack Nomad Software Engineer! Join Me on My Journey!

#programmer #traveller

100K+ YouTube family üëá",45,3,8,31,2013-01-30T14:35:26Z,2023-12-10T04:53:12Z,0
Human,True,False,False,False,False,True,Looking for a challenging job!,38,5,26,2,2013-01-01T05:33:53Z,2023-11-23T12:22:52Z,0
Human,True,False,False,True,True,False,I'm a Web Developer who likes building beautiful web interfaces & experiences.,33,9,140,8,2017-05-05T10:52:54Z,2023-12-03T05:59:51Z,0
Bot,True,False,False,False,False,False,,5,1,19,0,2021-07-18T19:30:48Z,2021-08-10T23:43:38Z,0
Bot,True,False,True,False,True,False,Nothing,0,0,0,0,2020-11-21T21:46:28Z,2021-02-15T13:54:22Z,0
Human,True,False,False,True,True,True,Security Engineer,18,2,149,23,2015-01-20T16:08:15Z,2023-12-06T21:01:54Z,0
Human,True,False,False,False,False,False,,19,2,27,10,2016-01-29T03:49:15Z,2023-12-09T12:25:55Z,0
Human,True,False,True,True,True,False,intermittent pseudorandom developer,26,18,22,19,2012-01-19T15:34:10Z,2023-11-22T23:07:26Z,0
Human,True,False,True,True,True,False,Fullstack Engineer at Codeglo,103,19,15,3,2020-06-10T07:08:38Z,2023-12-06T19:09:49Z,0
Human,True,False,False,False,True,False,,27,1,8,0,2012-01-14T00:44:16Z,2023-12-11T12:20:05Z,0
Human,True,False,True,True,True,False,üëãüèæ üö≤ üèÉüèÇüèΩü•åüç∫ üá®üá¶ ,116,212,414,15,2009-04-17T05:30:05Z,2023-12-02T02:29:20Z,0
Human,True,False,False,True,True,True,Genius lives only one story above madness.,77,8,165,37,2020-04-03T08:34:44Z,2023-12-10T12:48:17Z,0
Human,True,False,True,True,True,False,IsRayNotArray,156,0,293,33,2016-06-17T07:58:02Z,2023-11-06T01:46:30Z,0
Human,True,False,False,False,False,False,,18,5,5,50,2020-08-03T14:49:03Z,2023-06-16T06:37:03Z,0
Human,True,False,False,False,False,False,,24,0,3,14,2018-04-19T15:04:05Z,2023-11-13T07:21:40Z,0
Human,True,False,False,False,False,False,,17,0,16,8,2018-01-29T02:04:00Z,2023-10-27T11:47:37Z,0
Human,True,False,False,True,True,True,Programming is a tool to turn ideas into reality. Use it as an opportunity to unleash creativity and build something remarkable.,102,16,30,182,2020-04-23T08:44:16Z,2023-12-05T12:53:39Z,0
Human,True,False,False,True,False,False,,64,23,20,5,2009-02-22T06:33:36Z,2023-11-13T11:29:54Z,0
Human,True,False,False,True,False,False,,16,0,26,0,2013-02-26T18:27:47Z,2023-12-01T16:43:06Z,0
Human,True,False,False,True,True,False,Software Engineer üöÄ,51,5,9,9,2013-06-16T23:48:05Z,2023-07-31T16:54:37Z,0
Human,True,False,True,True,True,False,"Discord enthusiast, that loves to play video games and photography. ",6,2,3,2,2012-05-27T18:35:18Z,2023-12-08T17:08:39Z,0
Human,True,False,True,True,True,False,"I build things for Android, Linux and the web (like @pretix, @venueless, @opacapp or @abiapp). Active part of @nnev and @metarheinmain.",126,17,261,52,2009-03-17T14:19:33Z,2023-12-06T14:54:26Z,0
Bot,True,False,True,True,True,False,,10,0,317,0,2014-10-03T18:05:36Z,2023-11-30T17:53:36Z,3
Human,True,False,False,True,True,False,i skate and do computer and music stuff,155,2,92,251,2015-11-16T23:29:27Z,2023-11-03T18:47:46Z,0
Human,True,False,True,True,True,False,0.1x engineerü•∑üèª,36,0,16,19,2017-03-20T09:16:03Z,2023-11-26T19:24:17Z,0
Bot,True,False,True,True,True,False,Toms Project Official GitHub Account.,10,2,7,5,2018-11-03T08:44:28Z,2023-12-10T12:37:35Z,0
Human,True,False,False,False,False,False,,73,1,32,0,2015-01-19T13:11:06Z,2023-12-01T18:55:53Z,0
Human,True,False,True,True,True,True,"‚ù§Ô∏è Open Source ‚ùØ Practical ü§î made me üí™ ‚ùØ  
‚ùù Your Most Unhappy Customer Are Your Greatest Source Of Learning ‚ùû
-- ‚ö°Ô∏è Bill Gates",157,16,136,17,2012-06-23T13:03:39Z,2023-11-01T12:01:43Z,0
Human,True,False,True,False,True,False,Data engineer that loves Chicago sports,21,1,5,4,2013-05-20T02:25:12Z,2023-10-26T21:31:09Z,0
Human,True,False,True,True,True,True,Taskmaster - there is no task I cannot master,132,10,30,44,2012-01-05T19:07:01Z,2023-10-22T17:29:28Z,0
Human,True,False,False,True,False,False,,61,0,0,3,2017-07-24T01:38:11Z,2023-12-01T23:39:22Z,0
Human,True,False,False,False,True,False,.NET developer and general nerd.,42,4,4,2,2014-11-13T03:09:05Z,2023-12-06T16:15:01Z,0
Human,True,False,False,False,True,False,aho4ne,18,0,23,22,2019-12-07T11:15:33Z,2023-09-05T11:13:24Z,0
Bot,True,False,False,False,False,False,,30,1,0,0,2013-07-29T21:05:03Z,2023-11-30T23:23:16Z,0
Human,True,False,True,True,True,False,,61,87,45,95,2009-10-20T12:48:30Z,2023-11-21T09:59:04Z,0
Human,True,False,True,False,True,False,"Systems Software Engineer at @nubificus  
",22,10,19,22,2017-11-08T22:12:13Z,2023-11-29T18:50:56Z,0
Human,True,False,False,True,True,False,,30,5,159,5,2016-09-13T13:28:06Z,2023-11-21T16:50:29Z,0
Human,True,False,True,False,True,False,,84,17,111,51,2010-03-23T23:05:26Z,2023-10-05T10:26:13Z,0
Human,True,False,True,False,True,False,"Executive Geek, based in Singapore.",322,176,293,178,2017-04-22T01:02:42Z,2023-12-08T07:15:12Z,0
Human,True,False,False,False,True,False,"ÂßãËá™2001Âπ¥Ôºå‰∏ìÊ≥®‰∫éÂà©Áî®ËØ≠‰πâÁΩëÂÆö‰πâ(Áü•ËØÜÂõæË∞±ÔºâËΩØ‰ª∂„ÄÇ

From the year of 2001, dedicated to define software with semantics network
",130,1,27,9,2015-03-17T13:59:58Z,2023-01-21T16:14:18Z,0
Human,True,False,True,False,False,False,,18,0,2,3,2020-08-10T21:15:52Z,2023-11-28T12:43:30Z,0
Human,True,False,True,True,True,True,"Software Engineer, and Networking/Systems Administrator - AS21761 & AS952 (@hopinc)
",47,18,196,57,2017-09-10T11:13:19Z,2023-11-29T19:31:20Z,0
Human,True,False,False,False,False,False,,4,1,3,1,2012-02-03T16:43:37Z,2022-11-20T00:45:12Z,0
Human,True,False,False,False,False,False,ATP-Powered Code Constructor and Art Appreciator,189,253,39,4,2010-12-15T16:51:09Z,2023-09-27T20:18:40Z,0
Human,True,False,False,True,False,False,,34,0,2,0,2020-06-22T11:43:07Z,2023-12-01T17:59:00Z,0
Human,True,False,False,True,True,False,,22,8,86,356,2019-07-19T00:55:23Z,2023-11-26T17:07:02Z,0
Human,True,False,False,True,True,False,"„Å´„Åª„Çì„Åò„Çì

Svelte / Rust / TypeScript / Cloudflare Workers",42,2,103,224,2020-07-17T23:00:48Z,2023-11-30T01:31:22Z,0
Human,True,False,False,False,True,False,,18,1,3,5,2010-10-28T15:42:07Z,2023-10-29T10:25:52Z,0
Human,True,False,False,False,True,False,,91,10,62,320,2020-08-08T15:28:20Z,2023-12-12T00:36:48Z,0
Human,True,False,True,True,True,False,"Senior software developer & engineer, entrepreneur, father and a jack of all trades, with over two decades worth of experience.",111,14,173,36,2013-02-02T07:55:55Z,2023-11-20T09:32:52Z,0
Human,True,False,False,False,False,False,"I am a programmer working on Rust, JS, and CSS projects.",18,6,8,7,2014-02-18T15:32:38Z,2023-06-24T20:03:34Z,0
Human,True,False,True,True,False,False,,14,0,50,28,2017-07-09T23:02:36Z,2023-11-13T12:28:49Z,0
Bot,True,False,True,True,True,False,OpenShift CI Robot,151,0,21,0,2017-07-15T01:30:12Z,2023-12-06T14:05:21Z,3
Bot,True,False,True,True,False,False,Helps with the day-to-day maintenance of @codeforIATI projects,1,1,1,0,2019-11-09T10:01:42Z,2022-12-07T21:33:34Z,2
Human,True,False,False,False,False,False,,3,0,0,0,2015-03-17T19:41:23Z,2023-04-18T18:49:22Z,0
Human,True,False,False,True,True,False,,30,0,18,68,2017-09-11T05:35:54Z,2023-12-10T12:18:06Z,0
label,False,site_admin,True,True,True,hireable,bio,public_repos,public_gists,followers,following,created_at,updated_at,0
Human,True,False,True,False,True,True,,16,6,10,6,2013-02-18T19:33:56Z,2023-09-23T18:21:37Z,0
Human,True,False,True,False,True,False,,15,1,1,16,2017-07-17T15:28:11Z,2023-12-05T13:58:19Z,0
Human,True,False,False,True,True,False,building nice things with nice people,105,30,72,6,2008-11-07T07:15:22Z,2023-12-07T12:39:12Z,0
Human,True,False,True,True,True,True,"Soldier of Fortune Since 1979. Moved most of my projects over to https://git.herrbischoff.com, make sure to look there if you're missing something.",33,50,547,4,2014-09-29T10:58:24Z,2023-12-11T20:57:21Z,0
Human,True,False,True,True,True,False,Software Engineer,26,0,61,37,2018-11-01T18:12:00Z,2023-09-28T10:57:03Z,0
Bot,False,False,False,False,False,False,,0,0,0,0,2017-06-26T08:38:27Z,2018-05-10T18:43:25Z,1
Human,True,False,True,False,True,True,"devops,  Python,  Ruby,  GNU/Linux @italia @teamdigitale 

I love yogurt.",211,1,55,6,2011-05-14T20:41:41Z,2023-12-04T12:19:23Z,0
Human,True,False,True,False,True,False,,24,9,51,0,2013-01-09T01:00:04Z,2023-12-07T12:02:33Z,0
Human,True,False,True,False,False,False,,165,2,28,22,2014-01-02T13:19:09Z,2023-12-03T03:49:53Z,0
Human,True,False,True,True,False,False,Full-stack software developer,6,0,7,0,2017-01-28T22:03:16Z,2023-12-05T12:28:01Z,0
Human,True,False,True,True,True,False,"I like it to write, I publish my work on Github and on awesomebible.de!",56,13,13,77,2018-08-06T09:34:48Z,2023-12-06T12:42:22Z,0
Human,True,False,True,True,True,False,"I like to work on tools like APIs, frameworks , compilers well as core CS subjects. Other areas I like to work on include AI ü§ñ which I ‚ù§Ô∏è, Web and System Arch.",10,1,34,3,2014-09-11T16:20:56Z,2023-12-09T17:47:11Z,0
Human,True,False,True,False,True,False,"Linux since 1994. Mot√∂rdad since 2005. Metal since cradle. Supporting Digitalcourage, EFF, FSF, GI, Mozilla, Pi-Hole, Red Cross, Syncthing, Wikimedia, ‚Ä¶",56,8,20,21,2016-04-20T06:46:17Z,2023-11-05T12:33:09Z,0
Human,True,False,True,True,True,True,"Hire me to unleash my potential üòâ | Polyglot ‚ö°Go, Python, JS , Rust | üí™ with AGI | ü™î Web3
",53,88,15,18,2016-11-28T13:30:31Z,2023-12-08T12:14:50Z,0
Human,True,False,False,False,True,False,Long time OpenBSD developer. Interested in routing protocols and anything related to the network stack.,15,0,58,0,2015-03-14T05:00:11Z,2023-12-06T12:49:08Z,0
Human,True,False,True,False,False,True,Aspiring 15 y/o software engineer studying networking & security.,18,1,551,32,2020-06-27T04:37:20Z,2023-12-07T16:17:58Z,0
Human,True,False,False,False,False,False,,6,0,1,3,2020-02-18T13:02:22Z,2023-04-11T17:58:30Z,0
Human,True,False,False,True,True,False,Data Scientist,23,0,333,3,2016-10-11T07:16:19Z,2023-01-13T08:44:28Z,0
Human,True,False,False,False,False,False,You'll find Flip hidden in the back of the office with the lights off.,8,0,2,1,2020-08-06T15:36:46Z,2022-12-11T04:23:54Z,0
Human,True,False,True,True,True,False,"Fullstack Software Engineer at Sun* Inc, working on Viblo.asia, creating DevSuccess101
",69,9,60,206,2015-07-27T01:24:37Z,2023-12-12T01:47:11Z,0
Human,True,False,True,True,True,True,I see the crystal raindrops fall ~ And the beauty of it all ~ Is when the sun comes shining through ~ To make those rainbows in my mind..,18,11,45,38,2018-02-17T19:58:14Z,2023-12-05T10:01:02Z,0
Human,True,False,True,True,False,True,"Software Developer, Data Scientist, and Electronics Enthusiast.",34,2,67,13,2016-09-28T07:37:11Z,2023-11-25T12:22:25Z,0
Human,True,False,False,False,False,True,,26,0,25,40,2016-01-16T07:47:49Z,2023-05-03T23:44:55Z,0
Human,True,False,True,False,True,False,"SRE by day, Trader by night",60,16,173,45,2015-05-01T17:49:45Z,2023-11-15T11:02:47Z,0
Human,True,False,False,True,True,False,"somebody as a nobody, nobody as a somebody",298,144,339,16,2009-01-20T03:02:43Z,2023-10-21T15:29:35Z,0
Human,True,False,True,True,True,False,ÂÜô‰ª£Á†ÅÊòØÁÉ≠Áà±ÔºåÂÜôÂà∞‰∏ñÁïåÂÖÖÊª°Áà±ÔºÅ,85,3,12513,439,2014-07-25T09:27:56Z,2023-11-19T05:30:30Z,0
Human,True,False,True,False,False,True,Make life simple and enjoyable,101,2,57,22,2015-05-09T09:32:20Z,2023-10-26T11:34:51Z,0
Human,True,False,True,True,True,False,"I'm a pentester, coder, gamer.
I'm from @netDevils-Official",61,4,14,52,2020-05-18T19:29:02Z,2023-11-27T17:39:29Z,0
Human,True,False,True,True,True,False,Founder @openfaas @inlets @self-actuated ,424,215,4679,5,2014-01-09T11:26:40Z,2023-08-05T08:27:02Z,0
Human,True,False,False,False,True,False,,8,0,193,119,2019-12-01T17:28:24Z,2023-07-15T15:10:08Z,0
Bot,False,False,False,False,False,False,,0,0,0,0,2018-07-30T09:30:16Z,2018-09-18T23:02:41Z,1
Human,True,False,False,False,False,False,,8,0,212,21,2020-12-02T13:48:44Z,2023-11-28T11:01:35Z,0
Human,True,False,False,False,True,False,,90,51,12,6,2014-10-30T09:22:26Z,2023-11-13T01:45:53Z,0
Human,True,False,False,False,False,False,,68,1,21,59,2019-01-17T12:13:44Z,2023-11-27T17:19:19Z,0
Human,True,False,True,True,True,False,,1,0,1,1,2011-05-29T12:27:07Z,2023-05-10T14:43:13Z,0
Human,True,False,True,True,True,False,"16. Developer, student pilot, other nouns. fmr @Status-Plus ",41,1,34,55,2018-06-10T21:30:31Z,2023-12-01T12:58:08Z,0
Human,True,False,False,True,False,False,,56,42,295,5,2013-07-13T01:48:56Z,2023-11-07T17:05:37Z,0
Human,True,True,True,False,True,False,,80,14,313,10,2012-10-05T19:19:13Z,2023-11-30T16:10:04Z,0
Human,True,False,False,False,False,False,,120,35,21,35,2012-07-08T13:39:26Z,2023-12-07T10:09:40Z,0
Human,True,False,False,False,True,True,"75asa.me@gmail.com
",152,0,14,38,2018-01-07T01:00:44Z,2023-12-07T14:13:11Z,0
Human,True,False,False,True,True,True,,221,46,66,206,2012-06-09T15:24:15Z,2023-12-07T16:47:59Z,0
Human,True,False,True,True,True,False,:wq,264,15,404,89,2010-06-13T18:25:07Z,2023-11-13T12:40:54Z,0
Bot,True,False,False,False,False,False,,0,0,12,0,2015-06-19T06:01:06Z,2022-02-23T16:25:14Z,2
Human,True,False,False,True,True,False,,177,24,106,23,2012-06-15T02:00:56Z,2023-10-20T16:40:36Z,0
Human,True,False,False,False,False,False,,76,1,5,0,2019-03-29T14:08:51Z,2023-12-01T09:01:40Z,0
Human,True,False,False,False,False,False,,174,20,165,0,2008-05-31T20:59:46Z,2023-12-10T15:57:28Z,0
Bot,True,False,True,True,True,False,"I am just a service account for @recaptime-dev managed orgs on GitHub. If I misbehaves, ping @ajhalili2006.",7,1,6,8,2019-11-08T03:59:55Z,2023-11-04T03:24:11Z,3
Human,True,False,False,True,True,False,,36,1,33,9,2014-05-20T00:26:56Z,2023-11-16T15:23:36Z,0
Human,True,False,True,False,True,True,,21,18,3,24,2012-01-19T17:18:37Z,2023-12-09T16:26:24Z,0
Human,True,False,False,False,True,False,[BITCOIN-BTC]-[CYPHERPUNK]-[PGP]-[TOR]-[SSH]-[FTPS]-[VPN]-[NNTPS]-[WAREZ.SCENE]-[P2P.SCENE]-[PHP/HTML/CSS/JS],277,35,254,0,2010-12-22T11:22:44Z,2023-12-11T12:19:09Z,0
Bot,True,False,True,False,False,False,,0,0,12,3,2020-09-07T17:07:26Z,2023-08-26T17:19:08Z,1
Human,True,False,True,True,False,True,Software Engineer,98,6,125,257,2012-07-24T03:52:54Z,2023-10-20T14:54:21Z,0
Human,True,False,False,True,False,True,Geek,33,0,2275,51,2010-02-03T17:10:50Z,2023-11-11T20:30:00Z,0
Human,True,False,False,False,True,True,"!!Unplugged from the Matrix. Now, Red or Blue?

https://www.linkedin.com/in/tranphuquy19",230,35,40,9,2017-07-10T12:07:41Z,2023-12-06T01:56:45Z,0
Human,True,False,True,False,False,False,,36,0,0,0,2016-06-28T06:24:49Z,2023-08-08T03:30:01Z,0
Human,True,False,True,True,True,False,"18 years old student from Germany, programming in  Java and Python. @openSUSE member.",70,19,20,31,2018-04-05T07:40:25Z,2023-11-17T12:41:26Z,0
Human,True,False,False,False,True,True,0x1E76EA93A9B3D3E2,143,15,77,4,2010-09-11T18:35:45Z,2023-07-16T05:41:03Z,1
Human,True,False,True,True,True,True,"React.js, Xstate, Next.js, Webpack",32,30,619,134,2011-07-18T07:01:57Z,2023-12-09T03:14:04Z,0
Human,True,False,False,True,False,False,,48,0,17,3,2017-12-10T13:35:51Z,2023-11-24T12:37:09Z,0
Human,True,False,False,True,False,False,,0,0,76,0,2015-11-22T06:27:32Z,2023-12-12T04:05:31Z,0
Human,True,False,False,True,True,False,".NET, TSQL, DevOps, 1C:Enterprise",52,13,289,352,2013-04-19T11:36:39Z,2023-10-21T14:16:05Z,0
Bot,False,False,False,False,False,False,,0,0,0,0,2018-06-12T15:16:51Z,2018-06-15T03:03:16Z,1
Human,True,False,True,True,True,False,CTO @ScreebApp ,229,37,1021,46,2012-12-03T11:25:58Z,2023-11-28T12:23:51Z,0
Human,True,False,True,False,True,False,Front-end Developer,1,0,2,2,2018-10-23T12:12:09Z,2023-11-16T12:39:31Z,0
Human,True,False,False,True,True,False,,41,0,3,2,2013-10-19T17:34:59Z,2023-10-20T15:54:56Z,0
Bot,False,False,False,False,False,False,,0,0,0,0,2017-10-10T21:47:29Z,2017-10-10T21:47:29Z,1
Human,True,False,False,True,True,False,,23,5,2,1,2012-11-21T12:28:17Z,2023-10-23T18:16:15Z,0
Human,True,False,False,True,False,False,,11,5,0,0,2017-10-10T19:31:48Z,2023-05-22T16:53:16Z,0
Human,True,False,False,True,True,True,"üíª I love writing code and learn anything about it












üì´ How to reach me: 04mirko@libero.it",10,0,5,2,2020-05-07T07:49:15Z,2023-12-06T18:44:39Z,0
Bot,True,False,False,False,False,False,,1,0,0,0,2020-01-06T10:22:56Z,2021-02-12T16:27:56Z,0
Human,True,False,False,False,True,False,,11,5,279,159,2017-10-28T04:44:50Z,2023-11-17T20:11:52Z,0
Human,True,False,False,False,True,False,,25,11,23,10,2013-07-19T03:30:52Z,2023-12-08T17:58:41Z,0
Human,True,False,True,True,True,False,,9,2,33,0,2017-01-28T04:16:38Z,2023-09-14T04:19:40Z,0
Human,True,False,False,True,True,False,Linux kernel hacker,51,2,32,11,2013-10-08T10:23:13Z,2023-12-01T23:07:15Z,0
Human,True,False,False,False,False,False,,35,1,10,31,2017-09-02T03:06:58Z,2023-12-01T20:17:08Z,0
Human,True,False,True,True,True,False,"I am me, not the same fireworks! My Chinese name is Qi Peizhen, everybody calls me seven.",136,1,9,1,2016-04-07T12:37:14Z,2023-11-17T12:30:32Z,0
Bot,False,False,False,False,False,False,,0,0,0,0,2018-09-03T07:18:05Z,2018-09-20T05:11:48Z,1
Human,True,False,False,False,True,False,,23,22,0,0,2015-06-23T07:54:27Z,2023-12-08T21:03:19Z,0
Human,True,False,True,False,False,False,"Assoc Professor. R Foundation. R Consortium. Many R packages, e.g. future & matrixStats.",243,33,794,52,2012-04-05T21:26:32Z,2023-12-04T18:14:57Z,0
Bot,False,False,False,False,False,False,,0,0,0,0,2018-03-01T21:10:30Z,2018-03-01T21:10:30Z,1
Bot,True,False,False,False,False,False,,0,0,27,0,2017-11-01T22:02:37Z,2023-02-01T14:37:06Z,2
Human,True,False,True,False,True,False,,51,1,6,0,2012-03-02T08:47:20Z,2023-10-31T14:39:50Z,0
Human,True,False,False,False,False,True,,62,7,11,15,2015-08-03T08:33:02Z,2023-10-31T14:11:51Z,0
Human,True,False,True,True,True,True,,80,3,9,3,2012-05-15T10:27:34Z,2023-12-06T11:42:53Z,0
Human,True,False,True,True,True,False,,713,282,5357,138,2008-05-07T17:22:14Z,2023-09-02T14:34:32Z,0
Human,True,False,False,False,False,False,,67,2,38,2,2018-12-12T22:36:38Z,2023-08-29T14:54:16Z,0
Human,True,False,False,True,True,False,,20,6,15,0,2012-08-17T09:37:11Z,2023-06-05T18:21:20Z,0
Human,True,False,True,True,True,False,Known as Falcxxdev.,38,2,99,66,2020-07-22T12:04:15Z,2023-12-11T10:43:58Z,0
Human,True,False,True,True,True,False,"IchigoJam developer, open data evangelist, jig.jp founder & president",436,2,238,171,2012-05-08T00:43:41Z,2023-11-25T14:17:36Z,0
Human,True,False,False,False,True,False,,111,15,62,36,2015-10-19T13:16:32Z,2023-11-23T12:33:28Z,0
Human,True,False,True,True,True,False,Sophomore @ NTNU CSIE | TypeScript / Rust | Open source enthusiast,263,9,142,68,2017-05-06T08:30:42Z,2023-12-10T12:30:09Z,0
Human,True,False,False,False,False,False,,2,1,97,0,2017-04-04T14:28:48Z,2023-06-15T07:11:33Z,0
Human,True,False,False,False,False,False,,5,0,114,2,2020-03-26T16:16:22Z,2023-08-22T08:59:51Z,0
Human,True,False,True,True,True,True,"Accept-Language: ja-JP, en-JP; q=0.9, en-US; q=0.8, en; q=0.7, *; q=0.5
Age: 662256000",167,40,303,395,2016-07-27T09:20:32Z,2023-11-21T17:23:20Z,0
Human,True,False,False,False,True,False,,128,5,31,13,2012-01-24T07:10:11Z,2023-09-29T07:09:48Z,0
Human,True,False,False,True,True,False,,385,0,2,3,2017-05-01T22:07:18Z,2023-12-01T22:59:41Z,0
Human,True,False,False,False,False,False,,6,2,1,3,2014-10-03T03:35:41Z,2023-11-22T02:13:53Z,0
Human,True,False,False,True,True,False,"Hi, I'm Byron 
Love Coding and Diving...

PHP Javascript CSS HTML",34,0,27,8,2013-07-05T02:29:36Z,2023-11-06T14:41:49Z,0
Bot,True,False,False,False,False,False,,1,0,0,0,2021-01-24T20:32:14Z,2021-06-26T12:36:48Z,0
Human,True,False,True,True,True,False,Indie Game Developer & Technical Artist,58,1,28,10,2016-04-04T21:28:04Z,2023-11-26T11:39:03Z,0
Human,True,False,False,True,True,False,"I do boring things in my free time, tries to review stuff I see; have a lot of useless repos, and a good number of interests.",390,50,68,46,2017-05-12T14:09:25Z,2023-12-03T12:34:57Z,0
Human,True,False,True,True,True,True,Python hacker.,125,13,17,35,2008-04-17T10:30:01Z,2023-11-22T21:33:26Z,0
Human,True,False,False,True,True,False,Hi. I'm a hobby programmer. That's it. For real.,13,0,6,0,2019-02-15T12:24:35Z,2023-12-02T11:48:07Z,0
Human,True,False,False,True,False,False,,45,4,55,0,2012-01-11T09:49:06Z,2023-02-12T14:33:25Z,0
Human,True,False,False,False,False,False,,28,0,5,13,2012-03-28T20:15:06Z,2023-10-27T15:23:35Z,0
Human,True,False,True,False,True,True,,38,0,18,1,2014-08-04T22:17:20Z,2023-10-21T23:39:33Z,0
Human,True,False,False,False,False,False,,11,1,26,0,2015-02-09T08:16:02Z,2023-07-22T11:20:34Z,0
Human,True,False,False,True,True,False,I like making projects that are very sub-par.,41,9,85,0,2017-08-15T20:58:21Z,2023-10-31T15:17:59Z,0
Human,True,False,False,False,False,False,,16,1,1,2,2020-10-12T08:28:46Z,2023-12-03T08:12:20Z,0
Bot,True,False,False,False,True,False,Your friendly chungus brother.,9,1,5,5,2021-01-16T03:32:06Z,2023-09-04T19:21:07Z,0
Human,True,False,True,True,True,True,The original author of the @sympy and @symengine libraries and the @lfortran and LPython (@lcompilers) compilers. Co-founder of the @fortran-lang organization,353,500,734,97,2008-08-13T18:39:11Z,2023-12-02T21:00:51Z,0
Human,True,False,True,True,True,False,"VP Software Engineering at Orange
 - Board Advisor @LF_Europe @weaveworks - Mentor - Speaker -
@TechRocksFr core & curator | Bike addict",12,1,10,4,2014-04-14T08:32:13Z,2023-11-12T15:52:50Z,0
Human,True,False,False,False,True,False,"OSCP | OSWP | OSED Student >> 
Software Developer | Pentester | RTO",38,2,13,37,2014-06-08T11:32:06Z,2023-11-07T22:55:48Z,0
Human,True,False,True,True,True,True,"Post-Doctoral Associate, GML NOAA",52,13,72,148,2017-04-13T20:02:18Z,2023-12-08T12:37:25Z,0
Human,True,False,True,False,True,True,"Creator of @orchidsoftware, @sajya. Self-employed. Back-end developer.",64,24,224,34,2013-07-27T13:25:58Z,2023-11-06T02:12:39Z,0
Human,True,False,True,True,True,False,,17,0,26,12,2014-03-29T14:28:33Z,2023-12-02T12:25:55Z,0
Bot,False,False,False,False,False,False,,0,0,0,0,2017-08-21T03:11:25Z,2018-03-09T03:53:22Z,1
Human,True,False,False,False,True,True,"If you are designing a system whose functions include providing evidence, it had better be able to withstand hostile review. - Ross J. Anderson",77,9,309,122,2016-03-12T08:54:46Z,2023-11-11T12:49:56Z,0
Human,True,False,False,False,False,False,,14,0,2,2,2014-04-12T22:16:58Z,2023-10-06T12:59:40Z,0
Human,True,False,False,False,True,False,,137,7,39,5,2010-02-16T23:07:08Z,2023-12-06T12:14:30Z,0
Human,True,False,True,True,False,True,,15,0,15,19,2012-12-06T17:24:09Z,2023-12-04T15:45:08Z,0
Human,True,False,False,True,True,False,"Hi
I""m Safa Safari, a Reverse engineer, Programmer and Network man
I want to know more things at all the time
Never Give Up :))",32,3,352,71,2017-05-31T18:32:04Z,2023-11-14T20:37:19Z,0
Human,True,False,False,True,True,True,,47,14,22,17,2011-12-04T18:22:50Z,2023-11-08T17:26:13Z,0
Human,True,False,True,False,True,True,"Software Engineer at IBM Quantum, MSc student at University of Stuttgart. Interested in Rust, Go and Linux.",58,30,56,34,2020-01-06T17:28:44Z,2023-12-11T09:51:48Z,0
Human,True,False,True,True,True,False,"National Taipei University of Technology, Taipei Tech",41,0,17,25,2017-10-05T06:53:15Z,2023-12-01T12:49:42Z,0
Human,True,False,True,True,True,False,I am Director of Data Science at MultiPlan.  ,111,1,26,3,2016-01-06T15:24:58Z,2023-10-18T00:13:57Z,0
Human,True,False,False,False,False,False,,19,0,30,2,2010-03-21T13:33:51Z,2023-11-27T12:16:41Z,0
Human,True,False,False,False,False,False,,13,1,6,3,2020-05-13T06:23:16Z,2023-09-09T20:15:25Z,0
Human,True,False,True,True,False,True,,61,2,47,39,2016-10-17T14:18:01Z,2023-12-11T02:55:05Z,0
Human,True,False,False,False,False,False,,21,0,8,5,2015-06-09T22:06:52Z,2023-11-17T13:52:36Z,0
Human,True,False,False,True,True,False,"abuseipdb.com/user/51407
scammer.info/u/shadowwhisperer",7,0,95,0,2020-02-14T15:20:39Z,2023-11-17T22:58:23Z,0
Human,True,False,False,False,False,False,,22,1,2,0,2011-07-14T08:23:29Z,2023-12-06T07:55:18Z,0
Human,True,False,True,True,True,False,,64,12,144,97,2015-10-05T12:34:00Z,2023-10-07T07:32:51Z,0
Human,True,False,True,True,True,True,,212,18,1089,31,2014-04-05T17:21:58Z,2023-11-22T12:26:20Z,0
Human,True,False,False,False,True,False,"love solving problems! üêõüêûü¶†üî¨üßë‚Äçüîß

also occasionally pushing code @good-enough-technology ",390,3,13,59,2014-02-15T19:19:10Z,2023-11-10T20:04:01Z,0
Human,True,False,True,False,False,True,"
    a Networking Undergraduate just getting by
",7,1,5,5,2017-12-31T02:45:05Z,2023-10-08T20:46:09Z,0
Human,True,False,False,False,False,False,,40,0,4,0,2014-11-09T06:39:33Z,2023-11-11T13:51:25Z,0
Human,True,False,False,False,False,False,,11,3,13,3,2019-04-28T13:12:33Z,2023-08-30T10:14:07Z,0
Bot,True,False,True,True,False,False,,30,0,99,0,2013-05-22T19:33:50Z,2023-01-26T23:06:24Z,0
Bot,False,False,False,False,False,False,,0,0,0,0,2019-03-14T20:06:15Z,2019-03-14T20:06:15Z,2
Bot,False,False,False,False,False,False,,0,0,0,0,2017-04-21T12:03:36Z,2019-05-23T08:20:18Z,2
Human,True,False,False,True,False,False,,29,4,1,1,2015-09-23T15:30:36Z,2023-05-16T03:52:48Z,0
Bot,True,False,False,False,False,False,,6,0,0,0,2018-03-31T14:24:23Z,2022-06-25T19:52:54Z,0
Human,True,False,True,True,True,True,‚Ä¢ LPU'23 ‚Ä¢ Software Engineer ‚Ä¢ Full Stack Developer ‚Ä¢ Data Analyst ‚Ä¢ Open Source Enthusiast ‚Ä¢ Coder ‚Ä¢ Learner ‚Ä¢ Hustler,58,0,58,0,2019-10-05T13:51:14Z,2023-11-25T12:48:46Z,0
Human,True,False,False,False,True,False,,52,1,3,2,2017-10-20T13:21:08Z,2023-11-27T20:08:20Z,0
Human,True,False,True,True,True,True,,7,2,23,35,2019-03-17T10:44:22Z,2023-11-24T19:09:30Z,0
Human,True,False,True,True,True,False,Nothing Here.,32,2,52,43,2015-11-06T04:31:53Z,2023-10-23T17:20:37Z,0
Human,True,False,False,True,True,False,üá∫üá¶üíôüíõ,15,3,8,11,2012-07-30T23:55:15Z,2023-09-11T10:40:34Z,0
Human,True,False,True,True,True,False,"Born 1966
Programming junkie
gerardwensink@gmail.com

On r.i.p. repo's go to Yannick  Wijering (18-8-1999) and Claire Wijering 5-9-2004) Enschede, Holland",76,0,4,16,2020-05-28T06:25:24Z,2023-01-20T12:47:50Z,0
Human,True,False,False,True,True,True,Everything can be done with a microcontroller!,32,8,48,28,2016-02-27T18:08:48Z,2023-11-23T12:34:58Z,0
Human,True,False,False,False,True,False,,14,0,6,0,2017-06-14T13:49:52Z,2023-10-26T15:32:13Z,0
Human,True,False,False,True,True,False,,23,0,28,59,2012-12-11T07:23:31Z,2023-12-02T11:25:12Z,0
Human,True,False,True,False,True,False,"Hello ! My name's Alexandre (20yo) and I'm currently working at EPFL as an apprentice in application developpement. 
‚ù§Ô∏è ‚öõÔ∏è",58,1,14,38,2019-05-20T06:32:53Z,2023-06-06T15:05:40Z,0
Human,True,False,False,False,False,False,,41,1,10,3,2011-07-31T22:04:57Z,2023-12-05T17:18:42Z,0
Human,True,False,True,True,True,False,"Amateur protopian.

",22,0,83,127,2019-11-24T11:32:35Z,2023-12-06T20:03:56Z,0
Bot,True,False,True,True,True,False,,9,0,343,3,2014-06-17T21:05:23Z,2023-12-04T08:31:00Z,0
Bot,False,False,False,False,False,False,,0,0,0,0,2018-05-22T07:36:37Z,2018-05-22T07:36:37Z,1
Human,True,False,True,True,True,False,,108,40,152,442,2012-07-05T08:27:14Z,2023-11-25T20:03:43Z,0
Human,True,False,False,True,False,False,Ëá®ÊôÇÂ∑•,4,0,3,3,2018-10-04T05:44:44Z,2023-11-19T15:31:31Z,0
Human,True,True,True,True,True,False,Senior director of Product for all things code scanning @GitHub. Previously Head of Product @Semmle,147,5,58,0,2013-07-24T15:07:51Z,2023-11-26T12:21:40Z,0
Human,True,False,True,True,True,False,,87,2,26,25,2012-12-11T08:41:42Z,2023-12-10T11:49:32Z,0
Human,True,False,False,True,False,True,ü•î,39,18,86,0,2009-04-11T00:43:52Z,2022-12-14T03:25:46Z,0
Human,True,False,False,False,False,False,More active over at Gitlab https://gitlab.com/martijn-heil,38,12,3,3,2015-04-23T13:04:27Z,2023-12-04T15:36:15Z,0
Human,True,False,True,False,False,False,,10,0,68,0,2012-02-21T19:05:15Z,2023-09-14T07:38:29Z,0
Bot,True,False,False,False,False,False,,0,0,0,0,2017-07-28T20:34:19Z,2021-09-21T16:35:16Z,0
Human,True,False,False,True,True,False,,70,1,36,23,2013-03-14T06:33:36Z,2023-10-31T04:16:43Z,0
Human,True,False,False,True,True,False,"Narrow road meet, code revere win.",51,2,6,4,2016-03-17T13:10:11Z,2023-11-15T17:39:12Z,0
Human,True,True,True,False,True,False,,82,0,194,1,2012-05-18T00:25:48Z,2023-12-01T22:39:02Z,0
Human,True,False,True,True,True,False,Open Sourcerer at Let's Encrypt. (he/him),45,2,1149,0,2012-10-02T21:41:20Z,2023-11-15T01:36:34Z,0
Human,True,False,False,False,True,False,,18,0,28,7,2020-09-09T14:00:29Z,2023-12-09T13:13:26Z,0
Bot,True,False,False,False,False,False,,0,0,2,0,2017-07-28T22:43:21Z,2021-09-21T16:36:06Z,0
Human,True,False,False,True,True,False,"Welcome, Say hi.
Buy a Coffee for me.  ‚òïÔ∏è
https://ko-fi.com/neilkuan",277,55,86,323,2018-12-20T02:08:58Z,2023-12-12T02:06:20Z,0
Human,True,False,True,True,True,False,"Senior Software Engineer 
@docker üê≥ 

CKAD.",172,10,76,56,2015-11-24T11:16:46Z,2023-11-24T14:15:41Z,0
Human,True,False,True,True,False,False,PostgreSQL Committer,37,18,100,0,2010-04-11T15:44:34Z,2023-12-05T12:17:09Z,0
Bot,True,False,False,False,False,False,,0,0,1,0,2017-07-28T21:38:16Z,2021-09-21T16:34:07Z,0
Bot,True,False,True,True,True,False,"
    A Dreamer Never Stop Steps
",123,1,13,61,2017-10-17T00:47:30Z,2023-03-01T07:43:24Z,0
Human,True,False,True,True,True,False,,13,0,11,0,2013-01-11T07:27:28Z,2023-02-13T03:07:18Z,0
Bot,True,False,True,False,False,False,,0,0,0,0,2018-08-16T03:44:33Z,2020-02-26T22:47:09Z,1
Human,True,False,False,False,False,False,,31,0,40,2,2020-06-07T02:37:03Z,2023-06-18T23:52:46Z,0
Human,True,False,True,False,True,True,Software Engineer,32,1,17,13,2015-01-18T03:59:23Z,2023-12-05T05:40:45Z,0
Human,True,False,True,False,False,False,,338,21,61,406,2016-09-19T11:38:51Z,2023-12-06T01:43:41Z,0
Human,True,False,True,True,True,False,"German front- and backend developer with üíô
Try out my Linwood projects",56,3,43,4,2016-07-14T06:10:31Z,2023-12-01T12:18:22Z,0
Bot,True,False,False,False,False,False,,21,0,1,0,2019-02-01T19:53:31Z,2023-10-27T17:25:52Z,0
Human,True,False,True,True,True,False,,43,1,18,5,2009-07-23T21:20:43Z,2023-12-06T22:51:20Z,0
Human,True,False,False,False,False,False,,43,7,9,5,2012-03-04T12:20:11Z,2023-11-14T12:15:56Z,0
Human,True,False,False,True,True,False,‰∏Ä‰∏™Áà±ÊäòËÖæÁöÑÊäÄÊúØÂ∞èÂ≠¶Áîü‚Ä¶‚Ä¶,26,0,179,0,2019-11-22T01:21:53Z,2023-09-10T10:44:03Z,0
Bot,True,False,True,True,False,False,"Buildbot to do check, build and test for https://github.com/intel/llvm",4,0,2,1,2019-02-19T03:09:26Z,2023-11-10T07:55:35Z,2
Bot,False,False,False,False,False,False,,0,0,0,0,2018-03-30T16:05:10Z,2018-04-16T14:11:12Z,1
Human,True,False,False,False,True,False,,3,4,1,8,2012-05-28T22:58:21Z,2023-11-20T21:04:27Z,0
Human,True,False,False,False,False,False,,30,0,3,0,2017-05-17T15:25:41Z,2023-05-04T20:11:22Z,0
Human,True,False,True,False,True,False,Research Software Engineer,56,15,119,69,2013-01-25T07:22:40Z,2023-12-08T02:27:26Z,0
Human,True,False,False,True,True,True,,30,2,10,0,2013-07-13T15:46:54Z,2022-09-23T13:34:53Z,0
Human,True,False,False,True,True,False,,31,0,135,0,2011-07-07T03:26:58Z,2023-11-22T03:42:18Z,0
Human,True,False,True,False,False,False,,36,6,6,2,2013-02-11T03:59:35Z,2023-09-25T19:18:41Z,0
Human,True,False,False,False,False,False,,22,0,0,1,2020-03-17T11:23:50Z,2022-10-12T10:13:59Z,0
Human,True,False,False,False,False,False,ü•î,3,1,9,3,2021-02-28T02:46:05Z,2023-11-09T00:47:17Z,0
Human,True,False,True,True,True,False,Tom Young is a research fellow at NUS working on language models.,14,0,9,7,2018-10-15T05:19:31Z,2023-10-27T01:15:44Z,0
Human,True,False,False,False,False,False,,12,0,7,4,2020-01-11T11:48:52Z,2023-11-26T12:49:47Z,0
Bot,False,False,False,False,False,False,,0,0,0,0,2020-12-03T14:13:46Z,2020-12-16T22:35:18Z,1
Human,True,False,False,False,False,False,,243,0,49,9,2020-11-21T09:01:25Z,2023-12-06T13:32:41Z,0
Human,True,False,True,True,True,False,Systems and automation enthusiast. Part time open sourcer.,55,0,80,50,2019-01-19T08:59:12Z,2023-12-03T10:43:09Z,0
Human,True,False,False,True,True,False,"‚ÄúHope is a good thing, maybe the best of things, and no good thing ever dies.‚Äù",0,1,1065,8,2017-12-26T07:54:29Z,2023-10-19T02:39:03Z,0
Bot,True,False,True,False,False,False,Automated CI actions,0,0,39,1,2021-01-26T15:25:14Z,2022-02-22T08:48:58Z,2
Human,True,False,True,True,True,False,"""That"" engineer üßë‚Äçüîß",127,125,2375,347,2014-04-08T06:44:26Z,2023-12-08T12:26:31Z,0
Human,True,False,True,True,True,False,"Economics: micro-theory.com, Politic: saverparty.xyz, Sustainable-Equity: vaults.biz, GovTech: thumbprint.us. C=U+K+L, Good Will Living Labor ambiguity hibit.cc",117,1,1,2,2015-04-28T06:17:39Z,2023-11-09T15:27:27Z,0
Bot,False,False,False,False,False,False,,0,0,0,0,2016-09-25T14:18:27Z,2017-06-14T18:32:51Z,1
Human,True,False,True,True,True,True,I'm a student | Web Frontend and Frontend Ops | Geek sometimes developer,62,2,184,255,2020-07-26T03:37:30Z,2023-12-12T02:50:26Z,0
Bot,False,False,False,False,False,False,,0,0,0,0,2021-02-21T16:34:48Z,2021-02-21T16:34:48Z,1
Human,True,False,True,False,True,True,rust is pretty cool,123,7,30,33,2018-07-01T13:50:42Z,2023-12-11T09:46:31Z,0
Human,True,False,False,True,True,True,"18, üá¨üáß, iOS App Developer, Beta Tester.",62,6,59,6,2017-04-13T13:18:55Z,2023-12-05T15:42:32Z,0
Human,True,False,False,True,True,True,A noob that knows a few things...,17,2,4,8,2018-11-23T10:57:09Z,2023-12-07T12:42:47Z,0
Human,True,False,True,True,True,False,,8,0,8,0,2014-06-30T19:39:08Z,2023-12-07T12:23:01Z,0
Human,True,False,False,True,False,False,amirwolf512.link,33,0,2,0,2020-01-29T17:23:25Z,2023-11-14T11:10:26Z,0
Human,True,False,False,False,False,False,,28,0,0,3,2019-01-14T20:41:52Z,2023-11-25T12:37:58Z,0
Human,True,False,True,False,True,False,"ML Infra Engineer @ByteDance | BS CS, UVa Class of 2022",45,0,44,6,2016-08-15T07:55:35Z,2023-11-06T08:32:11Z,0
Bot,True,False,False,False,False,False,,1,0,1,0,2021-11-12T03:25:29Z,2022-07-08T09:36:20Z,0
Human,True,False,True,False,True,False,Code for Food & Hobby,64,4,37,16,2014-05-22T04:58:34Z,2023-12-11T15:13:40Z,0
Human,True,False,False,False,False,False,,13,0,86,4,2016-09-16T08:23:58Z,2023-07-11T00:08:48Z,0
Bot,True,False,False,True,True,False,"I run your tests, add your labels, and merge your code.",2,0,629,0,2016-07-11T21:15:57Z,2023-10-02T23:09:32Z,2
Bot,True,False,True,True,True,False,Docs E2E Service Account,156,0,1,0,2017-07-14T01:34:59Z,2023-11-16T18:31:35Z,0
Human,True,False,False,False,True,True,May the code be with you,32,0,228,59,2017-12-21T16:58:11Z,2023-12-06T23:56:31Z,0
Human,True,False,True,True,True,False,"Eat well, travel often.",55,11,53,33,2011-05-10T14:48:12Z,2023-12-10T06:59:40Z,0
Bot,True,False,False,False,False,False,4e94b039fd9d577e52a9b6245dc9b9c1,2,0,0,0,2019-04-16T19:03:07Z,2021-09-27T22:45:15Z,1
Human,True,False,False,True,True,False,"JavaScript programmer / web developer.
Discord: nihongojouzu",63,3,52,3,2017-09-19T22:18:20Z,2023-12-06T04:49:12Z,0
Human,True,False,True,True,True,False,,124,4,32,2,2010-02-26T12:02:18Z,2023-12-04T15:23:43Z,0
Human,True,False,True,True,False,True,Coding for fun,22,3,16,4,2012-07-20T06:02:32Z,2023-11-19T12:20:08Z,0
Human,True,False,True,True,True,True,Native and web,70,16,44,112,2012-04-24T23:15:21Z,2023-11-10T05:04:20Z,0
Human,True,False,True,True,True,False,Senior Lecturer at Imperial College London. Consultant in outbreak analytics. R geek. Muay Thai enthusiast. Grindcore vocalist.,38,6,239,17,2015-01-29T12:12:28Z,2023-12-07T13:25:23Z,0
Human,True,False,False,False,True,False,,5,0,231,0,2020-07-21T19:24:19Z,2023-07-21T16:58:16Z,0
Human,True,False,False,True,True,False,yet another human tbh,251,5,22,31,2019-11-17T10:39:56Z,2023-11-26T07:31:30Z,0
Human,True,False,False,True,True,False,,62,104,115,5,2008-03-04T17:52:10Z,2023-10-07T00:50:24Z,0
Bot,True,False,True,False,False,False,,89,0,12,9,2020-05-03T09:58:54Z,2023-10-02T07:33:04Z,0
Human,True,False,False,False,True,False,Blah blah blah blah,182,12,53,0,2013-05-05T04:41:14Z,2023-09-14T21:56:15Z,0
Bot,True,False,False,True,False,False,"I'm a Robot that triggers Prow jobs for Google OSS Repos!

",3,0,14,0,2018-10-31T18:24:45Z,2022-05-24T21:40:36Z,4
Human,True,False,True,True,True,True,ü§µ Product Owner | üßë‚Äçüíª Software Developer | üßë‚Äçüé® Drawing Artist,25,1,32,0,2015-02-02T05:11:03Z,2023-12-11T07:29:11Z,0
Human,True,False,False,True,True,False,,218,15,214,21,2011-10-20T07:59:01Z,2023-12-03T07:12:02Z,0
Bot,True,False,False,True,True,False,"I do stuff for Quarkus.
Open issue at https://github.com/quarkusio/quarkus if I 'm misbehaving!",0,0,3,0,2020-02-19T22:26:57Z,2023-11-09T13:41:48Z,2
Human,True,False,True,False,True,False,,53,56,8,2,2009-02-11T00:28:27Z,2023-09-30T17:08:35Z,0
Human,True,False,True,False,True,False,"üßë‚Äçüíª
üö≤
‚úíÔ∏è
üî≠
üèä‚Äç‚ôÇÔ∏è",32,3,21,24,2014-09-24T14:24:44Z,2023-11-01T21:57:30Z,0
Human,True,False,True,False,True,True,Ph.D (c) & Computer Vision Engineer,118,11,69,110,2013-05-11T21:03:04Z,2023-12-07T10:13:52Z,0
Bot,True,False,True,True,True,False,OpenShift Merge Robot,1,0,85,0,2017-07-15T01:42:41Z,2023-12-08T07:18:35Z,3
Human,True,False,False,False,False,False,,0,0,0,0,2020-11-18T12:11:34Z,2022-07-03T06:33:13Z,0
Human,True,False,True,True,True,False,,55,3,12,6,2012-09-19T13:25:15Z,2023-11-11T17:29:10Z,0
Human,True,False,True,True,True,False,"Apache Dubbo/ShardingSphere PMC,  Alibaba Druid Member, SOA&MicroService Architect, Technology Books Author and A Cute Girl's Father.",586,2,1498,249,2011-05-24T13:03:28Z,2023-11-04T07:48:36Z,0
Bot,True,False,False,False,True,False,,2,0,20,0,2018-09-04T15:26:42Z,2022-10-20T19:38:53Z,0
Human,True,False,False,False,False,False,,2,2,4,0,2016-02-26T23:29:37Z,2023-11-26T03:47:54Z,0
Bot,False,False,False,False,False,False,,0,0,0,0,2018-02-14T04:54:57Z,2018-02-14T04:54:57Z,1
Human,True,False,True,True,False,False,"Professor of networks and security at Johannes Kepler University Linz, Austria
Mainly interested in computer security, with sidelines on machine learning",22,1,24,4,2011-03-28T09:45:36Z,2023-11-22T12:17:25Z,0
Bot,True,False,True,True,True,True,,46,4,13,5,2010-02-23T13:18:29Z,2023-07-13T17:59:30Z,0
Human,True,False,True,True,True,False,Christened by chatGPT,3,9,199,0,2013-11-30T04:46:57Z,2023-02-03T19:38:35Z,0
Bot,False,False,False,False,False,False,,0,0,0,0,2018-09-10T15:15:00Z,2018-09-10T15:15:00Z,1
Human,True,False,True,True,True,False,"finished projects are dead projects, so I leave them unfinished :trollface:",395,55,641,309,2010-04-21T05:17:09Z,2023-12-11T13:27:26Z,0
Human,True,False,True,True,True,True,"Hacker, Software Developer, Music Producer, App Developer.
founder / author of @pranaOS, @vultureOS, @godzillaframework
@kingkongofficial, @FrameworkIOS",408,1,218,15,2020-07-22T05:39:02Z,2023-11-07T10:48:36Z,0
Bot,True,False,True,True,True,False,"Beep boop... I'm a good robot. If I misbehave, please contact @AnandChowdhary.
",0,0,7,1,2019-07-18T17:20:36Z,2022-11-17T22:21:26Z,3
Bot,False,False,False,False,False,False,,0,0,0,0,2016-08-14T01:54:38Z,2021-09-08T17:30:00Z,1
Human,True,False,False,False,True,False,,38,1,213,0,2013-04-05T09:12:06Z,2023-11-26T08:48:02Z,0
Bot,True,False,False,True,False,False,Swift Docs:,0,0,374,0,2015-10-30T19:45:08Z,2023-01-30T16:36:19Z,0
Human,True,False,True,True,True,False,"„Éê„Éº„ÉÅ„É£„É´Âë®„Çä„ÅÆ„ÉÑ„Éº„É´„ÇÑ„ÄÅPHP„É©„Ç§„Éñ„É©„É™„Å™„Å©„ÇíÂÖ¨Èñã„Åó„Å¶„ÅÑ„Åæ„Åô„ÄÇ
‰Ωï„Åã„ÅÇ„Çå„Å∞ Pull Request„ÄÅ„Åæ„Åü„ÅØ Issue „Çà„Çä„ÅäÈ°ò„ÅÑ„ÅÑ„Åü„Åó„Åæ„Åô„ÄÇ
",48,21,39,0,2013-02-18T10:17:50Z,2023-11-11T06:40:52Z,0
Human,True,False,True,True,True,True,RENESAS ^ BDG ^ MY.GAMES ^ PTC ^ BIOMATICS       ^ PIRATEBAY ^ NETFLIX ,26,5,18,700,2015-09-22T15:19:18Z,2023-11-15T09:59:31Z,0
Human,True,False,True,False,True,False,,20,0,6,10,2017-10-31T10:02:46Z,2023-12-07T13:09:04Z,0
Human,True,False,False,False,False,False,709b0eef79e21084739e8aa42a9cc08028b9662d9896209fe5043c93895b15fe,1,0,1,0,2019-04-18T18:28:12Z,2021-09-27T23:01:30Z,1
Bot,True,False,False,False,False,False,,0,0,12,0,2014-03-14T06:59:40Z,2023-08-07T10:34:48Z,0
Human,True,False,False,False,False,True,,2463,2,348,149,2017-03-22T14:56:46Z,2023-12-11T12:35:52Z,0
Human,True,False,True,False,True,False,,50,0,40,45,2016-08-26T11:53:03Z,2023-11-29T10:24:01Z,0
Bot,False,False,False,False,False,False,,0,0,0,0,2021-02-20T21:31:09Z,2021-02-20T21:31:09Z,1
Bot,True,False,False,False,True,False,,0,0,33,0,2015-11-13T18:40:19Z,2023-11-20T02:15:58Z,0
Human,True,False,False,False,False,False,,13,0,0,0,2020-03-09T06:17:06Z,2023-07-14T19:43:21Z,0
Bot,True,False,True,True,False,False,Everyone has a purpose in life. Mine is maintaining @jina-ai repos. Good for me! And I believe your purpose is just as important as mine!,0,0,61,0,2020-03-26T09:11:56Z,2023-02-20T16:09:40Z,2
Bot,True,False,True,True,True,False,"I'm a bot who works at @wdes. If I misbehave, please contact @williamdes.",0,0,0,1,2019-06-04T20:21:23Z,2023-10-01T18:59:33Z,3
Human,True,False,False,True,True,True,,13,4,57,106,2020-07-18T04:42:40Z,2023-10-22T22:54:31Z,0
Human,True,False,True,True,True,False,"Senior Software Engineer @Linaro ‚Ä¢ @golang and @llvm compiler contributor ‚Ä¢ ex @ARM-software Morello Program, @IBM",20,0,25,15,2014-03-27T03:14:41Z,2023-12-07T13:40:33Z,0
Bot,True,False,False,False,False,False,,27,0,0,0,2019-11-21T05:01:04Z,2023-12-02T05:08:21Z,0
Human,True,False,True,True,True,True,"""Le pouvoir du LIBRE!!""",344,34,154,37,2008-12-02T21:35:21Z,2023-11-30T19:17:42Z,0
Bot,False,False,False,False,False,False,,0,0,0,0,2020-10-19T12:58:50Z,2020-10-19T12:58:50Z,1
Human,True,False,False,True,True,False,I'm one of many Joes but I am uniquely me. I'm the messiest organized guy you'll ever meet.,36,8,8,2,2015-06-04T23:13:00Z,2023-11-17T12:24:15Z,0
Human,True,False,True,True,True,True,UofT Computer Science 2022,19,4,23,15,2019-01-13T01:12:39Z,2023-11-19T12:45:41Z,0
Human,True,False,True,True,True,False,AppAny,2,0,161,30,2020-06-18T22:23:12Z,2023-08-08T16:08:14Z,0
Human,True,False,False,False,False,False,,58,1,132,0,2015-02-13T12:48:05Z,2023-12-07T11:18:52Z,0
Bot,False,False,False,False,False,False,,0,0,0,0,2018-03-30T10:19:51Z,2018-04-18T12:01:25Z,1
Human,True,False,True,True,True,False,,5,0,8,0,2017-02-24T21:13:05Z,2023-10-03T14:24:13Z,0
Human,True,False,True,True,True,True,"@fungible-systems cofounder, building crypto products",75,8,133,236,2015-04-05T04:02:16Z,2023-12-04T12:55:50Z,0
Human,True,False,True,True,True,False,Maybe we are the world oneday!,119,15,75,203,2015-04-22T08:08:42Z,2023-12-09T12:24:06Z,0
Human,True,False,False,False,False,False,,0,0,0,0,2021-06-22T21:04:15Z,2021-06-23T19:17:17Z,1
Bot,True,False,False,False,False,False,QmVlcCBib29wIGJlZXAgYm9vcA==,0,0,1,0,2019-04-15T20:42:17Z,2021-09-27T22:57:42Z,1
Bot,True,False,True,True,True,True,,147,7,141,34,2011-04-18T07:09:47Z,2023-11-06T17:53:18Z,0
Human,True,False,True,True,True,True,"Passionate about Technology, Cloud & Serverless enthusiastic, AI Advocate, Human.

",132,22,27,86,2009-09-20T19:56:52Z,2023-11-30T04:05:10Z,0
Human,True,False,False,True,True,False,,29,6,118,595,2020-04-06T14:18:11Z,2023-11-27T13:00:49Z,0
Human,True,False,True,True,True,True,"Engineering @localstack ‚Ä¢ Google SoC @metacall & SoD @moja-global ‚Ä¢ Web, DevOps & Blogging ",347,87,1887,38,2019-02-05T10:14:10Z,2023-12-08T13:58:15Z,0
Human,True,False,True,True,False,True,,78,15,42,51,2015-09-20T17:25:42Z,2023-12-01T10:58:57Z,0
Human,True,False,True,True,True,False,C++ & LaTeX Enthusiast,7,0,73,60,2016-05-27T23:24:53Z,2023-12-05T12:25:37Z,0
Human,True,False,True,False,True,False,,224,4,245,1,2010-06-24T09:30:47Z,2023-10-24T09:54:31Z,2
Human,True,False,True,True,True,True,SRE,15,2,3,11,2014-05-12T06:26:58Z,2023-12-05T05:47:06Z,0
Human,True,False,False,True,False,False,"When the world comes crumbling down, know I'll be there. Though our fleeting moment has gone, you're not--you're not alone YEAH!",43,5,42,2,2014-11-15T07:39:36Z,2023-10-18T01:02:27Z,0
Human,True,False,True,True,False,False,"Eric Hellman is Co-Founder and President of @EbookFoundation. He runs @GITenberg, @Gluejar, and is a key contributer to @gutenbergtools and @gitenberg-dev",51,9,412,1,2011-07-19T22:25:10Z,2023-10-05T22:51:43Z,0
Human,True,False,True,False,False,False,,15,0,2,0,2011-08-11T12:57:21Z,2023-12-08T09:37:33Z,0
Human,True,False,True,False,True,False,For My Favourite Things,7,0,0,1,2013-01-25T08:40:47Z,2023-08-11T08:31:50Z,0
Bot,True,False,False,False,False,False,,1,0,2,0,2021-01-03T13:54:01Z,2021-07-07T02:26:26Z,0
Human,True,False,False,True,True,False,,25,4,30,22,2013-12-11T01:54:47Z,2023-12-11T12:23:37Z,0
Human,True,False,True,False,True,False,,52,19,29,6,2012-03-06T13:58:29Z,2023-11-22T12:18:46Z,0
Human,True,False,False,False,False,True,Piotr Mikulski,26,0,17,2,2014-06-08T04:23:20Z,2023-07-26T00:31:49Z,0
Human,True,False,False,False,False,False,,3,0,0,0,2021-04-18T19:42:55Z,2021-06-23T18:16:27Z,0
Bot,True,False,True,True,True,False,I run your Knative tests and add your labels.,39,0,9,0,2018-07-13T22:07:23Z,2023-06-06T09:12:44Z,3
Human,True,False,False,False,False,False,,44,0,3,0,2019-05-14T20:48:33Z,2022-02-18T19:34:41Z,0
Human,True,False,True,True,True,False,,50,0,27,19,2017-01-16T21:15:22Z,2023-12-06T13:54:07Z,0
Human,True,False,False,True,True,True,"building cool shit on the web ü§ô
",46,2,12,38,2020-05-10T21:55:00Z,2023-12-11T08:36:44Z,0
Human,True,False,False,True,False,False,,15,0,98,0,2019-10-30T21:55:45Z,2023-11-15T19:25:01Z,0
Bot,False,False,False,False,False,False,,0,0,0,0,2020-10-12T14:45:32Z,2020-10-12T14:45:33Z,1
Bot,True,False,True,False,True,True,I write code that automates my job.,124,9,351,56,2014-11-14T10:42:31Z,2023-11-06T12:21:48Z,0
Human,True,False,True,False,False,False,,16,0,9,0,2015-08-19T06:22:44Z,2023-10-31T06:52:49Z,0
Human,True,False,True,True,True,False,,115,75,139,29,2008-08-22T15:22:06Z,2023-11-28T17:30:41Z,0
Human,True,False,False,True,True,False,"Google DSC Lead'21 ,Project Admin GSSoC'21, LGSMSoC'21 | Top Contributor of WoC'20 @dsc-x | Developer | Open Source Enthusiast",42,0,35,9,2020-01-20T15:37:16Z,2023-12-06T15:06:04Z,0
Human,True,False,True,True,True,True,engineering at @aave üëª and @lens-protocol üåø // creator of @heyxyz üå∏,15,4,979,130,2020-08-09T17:17:58Z,2023-12-11T05:28:54Z,0
Human,True,False,False,False,False,False,,27,0,68,0,2014-12-15T13:24:34Z,2023-12-11T19:29:36Z,0
Human,True,False,True,True,True,False,Spec Editor ‚Ä¢ Cofounder of #indieweb ‚Ä¢ I maintain oauth.net,176,155,1700,69,2009-08-07T18:27:56Z,2023-12-10T22:01:00Z,0
Human,True,False,False,True,False,False,Coding is kinda cool I guess,125,2,29,11,2017-06-26T13:25:58Z,2023-12-03T14:51:24Z,0
Human,True,False,False,False,False,False,,5,0,2,0,2015-05-04T22:15:07Z,2023-12-01T17:38:17Z,0
Human,True,False,True,False,True,False,Embedded Engineer,10,0,8,15,2015-09-20T18:13:42Z,2023-11-17T14:58:59Z,0
Human,True,False,False,False,True,False,,11,0,57,4,2019-11-02T13:59:11Z,2023-12-10T12:44:39Z,0
Bot,True,False,True,False,True,False,Service account for the Azure SDK Team,31,0,2943,0,2019-07-26T23:07:24Z,2023-12-11T21:54:38Z,1
Human,True,False,True,True,True,False,Android Framework Engineer | Programmer | Tech Geek | Cipher,157,6,236,37,2020-04-11T02:55:19Z,2023-12-01T14:26:36Z,0
Human,True,False,True,True,True,True,ÊêûÂÆöÁÆóÊ≥ïÈù¢ËØïÔºåÂÖ≥Ê≥®ÊàëÁöÑÂÖ¨‰ºóÂè∑„ÄäÂäõÊâ£Âä†Âä†„Äã,144,33,4489,74,2015-05-17T03:29:38Z,2023-11-28T12:36:31Z,0
Human,True,False,False,False,False,True,,102,0,138,37,2010-11-10T16:37:28Z,2023-09-14T16:08:52Z,0
Human,True,False,True,True,True,True,"I transform people into real programmers.
I am a trainer, mentor, public speaker and programmer.
I run specialized corporate training in software engineering.",48,3,56,11,2013-06-02T20:58:21Z,2023-12-06T12:21:59Z,0
Human,True,False,False,False,True,False,Keeping Software Soft,59,1,61,76,2009-04-29T00:40:23Z,2023-11-16T17:45:00Z,0
Human,True,False,False,True,True,False,,17,0,0,15,2019-08-18T17:47:26Z,2023-12-02T12:56:21Z,0
Bot,False,False,False,False,False,False,,0,0,0,0,2018-09-17T09:17:26Z,2018-09-17T09:17:26Z,1
Bot,False,False,False,False,False,False,,0,0,0,0,2019-09-26T21:40:56Z,2019-09-26T21:40:56Z,1
Human,True,False,True,True,True,False,JavaScript¬†musician?????¬†CSS¬†layout¬†destroyer!!!!!¬†WHEEEEEEEEEEEEEEEEEEEEEEEEEEEEEEEEEEEEEEEEEEEEEEEEEEEEEEEEEEEEEEEEEEEEEEEEEEEEEEEEEEEEEEEEEEEEEEEEEEEEEEEEEEE,739,172,1799,570,2010-01-31T02:45:41Z,2023-12-05T20:06:14Z,0
Human,True,False,False,True,True,True,,87,26,37,1,2010-02-23T18:31:13Z,2023-07-29T18:52:51Z,0
Human,True,False,False,True,True,False,security,405,1,842,16747,2016-01-31T02:05:31Z,2023-11-22T10:05:44Z,0
Human,True,False,True,True,True,False,"Across the Great Wall, we can reach every corner in the world",110,12,87,12,2013-07-09T07:43:43Z,2023-09-06T02:09:54Z,0
Human,True,False,True,True,True,True,Robotics and Control,14,0,9,5,2018-05-12T18:52:40Z,2023-07-17T16:47:36Z,1
Human,True,False,False,True,True,True,‚Äé(¬∑‚Ä¢·∑Ñ‡°á‚Ä¢·∑Ö Ôºâ,51,4,20,22,2018-03-16T04:40:23Z,2023-11-15T01:48:33Z,0
Human,True,False,False,False,False,True,I'm a man on a mission to keep üìö learning and ü¶æ improving,31,0,18,8,2019-12-11T05:04:40Z,2023-12-06T05:21:31Z,0
Bot,True,False,False,False,False,False,,0,0,2,0,2013-12-04T08:16:09Z,2023-06-06T12:37:28Z,0
Bot,True,False,True,False,False,False,Working endlessly to refuse merging pull requests from @odoo community and employees alike.,0,0,170,0,2016-01-22T12:51:38Z,2023-05-16T08:31:24Z,1
Bot,True,False,False,False,False,False,,1,0,0,0,2019-07-16T07:08:14Z,2022-02-08T05:53:23Z,0
Human,True,False,False,True,True,True,,47,2,162,22,2018-06-27T04:49:00Z,2023-12-11T22:19:22Z,0
Bot,True,False,False,False,False,False,,0,0,0,0,2021-06-22T20:51:00Z,2021-06-23T05:07:56Z,1
Bot,True,False,True,True,False,False,,0,0,135,0,2017-12-27T08:52:47Z,2023-06-13T14:42:52Z,0
Human,True,False,True,False,True,False,PhD Candidate in Electrical and Computer Engineering,63,0,8,0,2012-04-11T19:13:30Z,2023-09-21T23:57:19Z,0
Human,True,False,False,False,False,False,,46,0,1,0,2019-12-09T15:37:31Z,2023-11-01T23:33:13Z,0
Human,True,False,False,True,True,True,Applied Cryptography Consultant (what the cool kids call 'blockchain tech'),136,12,1630,2,2008-04-13T05:35:12Z,2023-12-08T10:39:41Z,0
Human,True,False,False,False,True,False,"I code and review code for SS13 codebases, I love space and I'm curious about almost everything.",13,0,2,0,2019-11-21T17:36:27Z,2023-11-10T12:21:57Z,0
Human,True,False,True,True,False,False,,0,0,12,0,2020-11-11T13:27:01Z,2023-02-02T14:22:04Z,0
Human,True,False,False,False,True,False,Èïø‰∫≠Â§ñÔºåÂè§ÈÅìËæπÔºåËä≥ËçâÁ¢ßËøûÂ§©„ÄÇÊôöÈ£éÊãÇÊü≥Á¨õÂ£∞ÊÆãÔºåÂ§ïÈò≥Â±±Â§ñÂ±±„ÄÇ,37,7,118,60,2016-05-05T06:45:00Z,2023-12-06T03:44:24Z,0
Bot,True,False,False,False,False,False,,0,0,1,0,2020-04-08T13:44:03Z,2020-07-02T08:53:53Z,0
Human,True,False,False,True,False,False,,9,0,4,1,2019-01-21T12:56:19Z,2023-11-02T14:46:36Z,0
Human,True,False,True,True,True,False,"french developer, sysadmin, factotum and free-software fan ",221,46,630,168,2008-04-11T06:56:22Z,2023-11-14T13:14:40Z,0
Human,True,False,False,False,False,False,,21,15,43,0,2010-07-28T12:36:03Z,2023-04-18T18:32:01Z,0
Human,True,False,False,True,False,True,Researcher @ UWaterloo,31,10,47,0,2016-06-24T07:28:35Z,2023-11-20T05:33:10Z,0
Human,True,False,True,True,True,False,,77,37,224,80,2008-04-04T05:20:47Z,2023-12-11T12:18:29Z,0
Bot,False,False,False,False,False,False,,0,0,0,0,2020-11-26T09:07:20Z,2021-03-13T18:36:24Z,2
Human,True,False,False,False,True,False,Let's do this!,21,0,11,1,2013-11-19T20:55:22Z,2023-12-04T07:54:45Z,0
Bot,True,False,True,True,True,False,,1,0,1633,0,2014-01-16T18:36:34Z,2023-12-04T12:22:31Z,2
Human,True,False,False,False,False,True,,94,7,10,5,2013-10-26T13:33:10Z,2023-11-23T16:40:55Z,0
Human,True,False,False,True,True,False,,54,0,10,19,2017-02-23T17:24:28Z,2023-12-08T07:04:08Z,0
Bot,True,False,False,False,False,False,,0,0,2,0,2021-06-22T20:56:01Z,2021-06-23T19:15:01Z,1
Bot,True,False,True,True,True,False,,0,0,31,0,2013-08-07T17:39:30Z,2021-04-19T15:24:42Z,2
Human,True,False,False,False,False,False,,2,4,364,0,2019-09-01T21:14:44Z,2023-12-04T02:20:32Z,0
Human,True,False,False,False,False,False,,2,0,346,10,2021-04-17T15:07:06Z,2023-12-05T06:25:45Z,0
Human,True,False,False,False,True,False,,87,1,72,22,2020-05-07T18:53:30Z,2023-11-26T12:53:40Z,0
Human,True,False,True,True,True,False,"Hi! 
I hope your having a blessed day. 
My main is python. 
C++ a far second.",34,5,21,6,2017-01-28T03:34:57Z,2023-11-16T19:40:21Z,0
Bot,False,False,False,False,False,False,,0,0,0,0,2018-09-17T09:14:36Z,2018-09-17T09:14:36Z,1
Human,True,False,True,True,True,True,"CTO at Indicium; other: Psychonautwiki, Tor. If it computes, I'll crack it.",338,91,188,73,2010-05-18T11:14:21Z,2023-11-30T15:10:36Z,0
Human,True,False,True,False,True,False, Web Developer,238,0,1,0,2019-03-11T21:53:39Z,2023-04-04T22:56:54Z,0
Human,True,False,False,False,True,False,,55,25,26,0,2008-04-08T00:47:49Z,2023-06-26T21:48:03Z,0
Human,True,False,False,True,False,False,Just a potato bot.,6,0,0,0,2019-05-11T14:50:25Z,2022-02-24T15:23:34Z,2
Human,True,False,True,True,True,False,"Alternative account for automated tasks on behalf of @Hans5958.

Robot icon on profile picture made by Symbolon from the Noun Project.",0,0,1,0,2020-08-18T04:01:57Z,2022-02-21T06:15:38Z,1
Human,True,False,True,True,True,True,"An 21 y.o. cat who is passionate about technologies, open-source, intelligence, convenience, etc. (>œâÔΩ•* )Ôæâ


",128,2,987,20,2016-03-18T04:57:43Z,2023-12-03T22:58:07Z,0
Human,True,False,False,True,False,False,,12,0,0,1,2020-02-12T19:22:11Z,2023-11-02T08:02:26Z,0
Human,True,False,True,True,True,False,,287,5,167,68,2009-01-24T20:16:28Z,2023-11-22T22:05:20Z,0
Human,True,False,True,True,True,False,SDE Intern @AtlanHQ üîπ GSoC'23 & GSoC'22 üîÖ @OpenWISP ü¶Ö Ex-Intern @ravenprotocol üë®‚Äçüíª OSD'21 Mentor @anitab-org ü§ù Supervisor @ GWOC21 @Girlscript üî∏,90,0,316,39,2019-10-03T09:46:24Z,2023-12-06T20:30:27Z,0
Human,True,False,False,True,True,True,"Software Engineer | JS, TS, Python | Looking for Full-Time Employment Opportunities",39,0,22,72,2018-01-29T15:25:00Z,2023-07-12T12:49:28Z,0
Human,True,False,True,False,True,True,Software Engineer who wants  to learn while building cool things.,80,0,605,201,2018-12-03T07:57:21Z,2023-12-02T12:48:04Z,0
Human,True,False,True,False,True,False,"Now, PingCAP Engineer. ",117,1,9,13,2016-03-07T13:11:39Z,2023-10-19T04:31:19Z,0
Human,True,False,True,True,True,False,,58,0,26,10,2011-10-12T04:18:27Z,2023-09-30T01:11:08Z,0
Human,True,False,True,False,False,False,,1,0,0,0,2015-10-19T20:33:13Z,2023-08-15T15:17:35Z,0
Human,True,False,False,False,False,False,,1,0,2,0,2019-04-09T20:57:40Z,2021-08-18T18:13:35Z,0
Bot,False,False,False,False,False,False,,0,0,0,0,2018-05-28T06:11:31Z,2018-06-21T13:08:51Z,1
Human,True,False,False,False,False,False,,60,0,13,0,2011-05-27T15:33:14Z,2023-10-29T08:36:32Z,0
Human,True,False,True,False,True,False,Hey there! I am Ryan from Hong Kong. I am currently a High School Student who love programming! ,7,0,17,2,2021-04-17T14:20:13Z,2023-12-03T09:07:38Z,0
Bot,True,False,False,True,True,False,I was born in https://github.com/rmetzger/flink-community-tools,2,0,20,0,2019-01-21T19:33:07Z,2020-08-18T17:28:56Z,2
Human,True,False,False,True,False,False,,175,21,49,7,2013-11-22T14:11:08Z,2023-12-10T03:25:44Z,0
Bot,False,False,False,False,False,False,,0,0,0,0,2018-11-02T18:07:23Z,2022-09-15T21:32:56Z,1
Human,True,False,True,False,True,False,"Deep Learning Software Engineer, IoTG Computer Vision, Intel",5,0,0,0,2019-03-01T07:38:24Z,2022-05-05T18:31:11Z,0
Human,True,False,False,False,False,False,,112,1,20,6,2014-11-14T01:45:19Z,2023-11-25T22:47:13Z,0
Human,True,False,False,False,False,False,java,9,0,0,0,2016-12-24T16:39:51Z,2023-12-05T12:10:12Z,0
Human,True,False,True,True,True,True,Creative Software Developer looking for opportunities remote and/or open to relocation,70,0,2,1,2012-09-21T02:12:01Z,2023-10-18T19:30:17Z,0
Human,True,False,True,True,True,True,,141,2,34,4,2016-07-28T16:23:14Z,2023-11-26T12:49:55Z,0
Human,True,False,False,True,True,True,Software Engineer / Project Manager,43,15,16,42,2010-03-21T11:47:14Z,2023-12-10T07:52:14Z,0
Bot,True,False,False,False,False,False,,15,0,0,0,2018-02-07T12:34:51Z,2022-09-06T10:40:20Z,2
Human,True,False,False,False,False,False,,4,0,4,0,2020-09-08T13:02:38Z,2023-10-23T07:21:12Z,0
Human,True,False,True,True,True,False,,236,24,341,17,2011-09-08T18:12:09Z,2023-11-16T08:36:16Z,0
Bot,True,False,False,True,True,False,Please ping @conda-forge/core to contact.,3794,0,7,0,2016-04-20T05:51:53Z,2023-11-07T11:34:27Z,0
Human,True,False,True,True,True,False,"üî• 23 y/o

üíª Fullstack Developer",21,7,126,114,2020-07-21T05:37:36Z,2023-11-22T11:07:46Z,0
Human,True,False,True,True,True,True,"There is no nobler occupation, nor one more advantageous to the state, than educating the rising generation - Cicero.
",146,2,11,4,2014-05-11T11:19:04Z,2023-12-01T21:13:02Z,0
Human,True,False,True,True,True,False,üè´ ACSP M.3/2 (#4233) i-Science (2nd Generation),35,10,100,232,2020-07-26T16:40:51Z,2023-11-29T18:27:39Z,0
Human,True,False,True,False,True,False,"12th grade high school student. Interested in ML, computer graphics, robotics, and piano. Supporter of free software and freedom in general.",49,27,35,48,2020-05-06T01:54:15Z,2023-11-23T13:15:42Z,1
Human,True,False,True,True,True,False,All my work has been donated to various open source communities and I'm no longer active online for the foreseeable future.,185,27,257,44,2010-03-11T20:37:02Z,2023-10-29T19:01:31Z,0
Human,True,False,True,True,True,False,,92,7,321,125,2017-06-27T16:10:31Z,2023-10-14T22:11:26Z,0
Human,True,False,False,False,False,False,,8,0,0,0,2015-02-02T12:26:15Z,2022-01-18T21:56:47Z,0
Bot,True,False,False,False,True,False,,24,0,6,4,2013-01-25T01:34:43Z,2023-07-04T06:11:43Z,0
Human,True,False,False,False,True,False,"Open-Source enthusiast. 
Software Developer and DevOps Engineer.
",56,7,38,3,2016-01-24T18:33:32Z,2023-12-09T23:19:12Z,0
Human,True,False,False,True,True,False,"
    
    Do something interestingÔºÅ

",79,0,28,35,2020-02-16T07:57:21Z,2023-12-09T12:46:57Z,0
Bot,False,False,False,False,False,False,,0,0,0,0,2021-10-07T17:13:00Z,2021-10-07T17:13:01Z,1
Human,True,False,True,True,True,True,:octocat:  :godmode:  :electron:  ( Õ°¬∞ Õú ñ Õ°¬∞) üöÄ  üò≥  :trollface: ,86,42,136,145,2019-08-06T12:39:00Z,2023-11-30T12:34:48Z,0
Human,True,False,True,True,True,False,,4,0,3656,0,2020-02-04T22:02:23Z,2023-07-12T23:58:53Z,0
Human,True,False,False,False,False,False,,13,0,39,5,2010-08-18T06:07:56Z,2023-06-22T18:36:35Z,0
Human,True,False,True,True,True,True,5‚≠ê Pythonista | Azure DevOps Engineer Expert | Azure Developer Associate | Django | Azure Synapse | Full Stack Engineer | C# and .Net | Sharepoint | Freelancer,156,0,349,5148,2018-12-21T16:50:02Z,2023-11-19T12:45:22Z,0
Human,True,False,True,True,True,False,"Chetabahana.com - On Construction. Layanan Branding Produk Bisnis UKM, Korporasi, Agensi dll. Paket Lengkap Website & E-commerce. Murah! Hanya 1% per Transaksi.",39,3,3,3,2018-02-13T10:37:18Z,2023-11-15T12:31:24Z,0
Human,True,False,False,False,False,False,,93,0,17,4,2017-09-23T18:22:28Z,2023-12-11T13:28:43Z,0
Human,True,False,False,True,True,False,Working on cargo-quickinstall and cargo-quickbuild.,142,0,47,11,2010-04-27T17:24:02Z,2023-10-24T09:42:27Z,0
Bot,True,False,False,False,False,False,,4,0,4,0,2019-10-12T07:43:12Z,2023-11-27T06:30:35Z,2
Human,True,False,False,False,False,False,,4,1,0,0,2017-03-20T16:54:19Z,2023-10-18T17:51:03Z,0
Bot,True,False,True,True,True,False,Electronics Designer | Software Developer | Maker,22,3,6,9,2016-05-12T13:49:38Z,2023-12-02T13:14:20Z,0
Human,True,False,True,True,True,False,,22,0,41,1,2012-11-04T10:14:00Z,2023-12-09T18:39:00Z,0
Human,True,False,True,False,True,True,"Devops, Machine learning learner and sysadmin. I also cook omelettes.",40,7,36,3,2012-07-05T10:05:07Z,2023-12-05T11:42:53Z,0
Human,True,False,True,True,True,True,Software Engineer,53,13,324,97,2015-10-31T10:02:12Z,2023-12-05T15:40:43Z,0
Human,True,False,False,False,True,True,,36,9,3,36,2014-02-07T22:00:22Z,2023-11-10T22:19:39Z,0
Bot,True,False,False,False,False,False,,0,0,0,0,2021-04-11T02:54:48Z,2021-06-23T05:06:23Z,1
Human,True,False,True,True,True,False,"Full stack developer specializing in React/Redux, Node, Java, and python.",226,21,15,1,2013-06-17T13:34:42Z,2023-11-30T23:45:27Z,0
Human,True,False,False,True,True,False,,40,4,29,39,2012-07-17T17:41:22Z,2023-12-11T15:29:56Z,0
Bot,True,False,False,False,False,False,,0,0,73,0,2014-07-09T01:37:48Z,2016-08-08T22:18:09Z,0
Human,True,False,False,False,True,False,Product Engineer @intercom ,18,0,7,7,2018-12-18T10:59:04Z,2023-11-18T23:06:47Z,0
Bot,True,False,False,False,False,False,,0,0,37,0,2013-04-01T23:32:53Z,2020-12-03T20:30:45Z,0
Human,True,False,True,False,True,False,Technical lead at @datopian co-steward of @ckan ,87,15,58,67,2016-03-13T10:13:09Z,2023-11-30T06:12:59Z,0
Human,True,False,True,False,False,False,,15,0,11,1,2021-10-04T09:15:31Z,2023-12-04T15:01:56Z,0
Human,True,False,True,True,True,False,"I write outliners, web CMSes, feed readers, blogging software, etc. All of it is here on GitHub. Almost everything is open source licensed. ",183,184,856,56,2012-04-28T01:19:35Z,2023-11-08T21:35:56Z,0
Human,True,False,False,True,False,True,Level 13 Software Sourcerer :mage:‚ö°‚ö°,145,9,65,0,2012-03-19T05:06:23Z,2023-11-19T22:19:59Z,0
Bot,True,False,True,True,True,False,"Vous savez, moi je ne crois pas qu‚Äôil y ait de bonne ou de mauvaise situation...",0,0,0,0,2019-09-05T11:15:22Z,2023-02-22T14:30:10Z,2
Human,True,False,True,False,True,False,Talent game is out of reach,33,0,52,64,2019-06-11T07:18:07Z,2023-10-04T01:36:09Z,0
Human,True,False,True,False,True,False,"Apache Pulsar PMC member & committer,
Apache RocketMQ committer ,  OpenMessaging TSC Member
",35,0,55,17,2012-11-11T06:44:10Z,2023-12-03T08:29:39Z,0
Human,True,False,True,False,True,True,"Software Engineer at @toasttab, @NixOS commiter, Anime fan and geek.",83,25,145,15,2011-06-11T20:14:16Z,2023-12-06T16:47:39Z,0
Human,True,False,True,True,True,False,Continuosly pursuing core values of a human brain.,43,1,37,0,2012-08-27T16:51:51Z,2023-11-27T12:18:35Z,0
Bot,True,False,False,False,False,False,,0,0,4,0,2014-10-29T15:10:45Z,2023-04-11T14:29:22Z,1
Human,True,False,False,True,True,True,"Computational evolutionary biologist. I write Scala, read DNA, and speak in conditional probabilities.",374,43,263,149,2012-12-25T05:14:29Z,2023-11-26T12:20:51Z,0
Bot,False,False,False,False,False,False,,0,0,0,0,2019-04-09T00:12:46Z,2019-04-09T00:12:46Z,2
Bot,True,False,False,False,False,False,,29,0,6,0,2017-02-10T13:14:51Z,2023-08-09T08:54:42Z,1
Human,True,False,False,False,False,False,,35,0,25,0,2016-07-28T09:49:20Z,2023-11-20T17:39:37Z,0
Human,True,False,True,False,True,False,"PyTorch @ Meta
Formerly Microsoft (AI Frameworks)",5,0,19,0,2016-11-22T01:53:21Z,2023-12-11T07:08:15Z,0
Human,True,False,True,False,True,False,,99,41,110,30,2008-08-01T17:13:14Z,2023-12-05T04:10:55Z,0
Human,True,False,True,False,True,True,"Hello! I 'm Lencof, Software developer and open source fan. ",129,0,63,6,2020-09-11T21:05:44Z,2022-08-29T06:31:33Z,0
Bot,True,False,True,True,True,False,"I run tests, add labels and merge code for you. Please bother @wuhuizuo if I appear to be misbehaving. I try to be a good bot, but sometimes I fall short.",21,0,32,1,2020-09-14T02:44:45Z,2023-12-07T12:44:45Z,5
Human,True,False,False,False,True,False,Front-end engineer,16,0,65,2,2013-07-19T16:15:48Z,2023-11-07T09:01:58Z,0
Human,True,False,True,True,True,True,Coder . Introvert . Gruelingly Boring ,114,16,371,3,2013-03-15T11:12:57Z,2023-11-28T12:25:03Z,0
Human,True,False,False,False,False,True,,87,37,1314,0,2009-08-18T00:20:11Z,2023-11-01T04:53:01Z,0
Human,True,False,True,True,True,False,"Indie game and bot developer, published author.

Creator of: D++, TriviaBot, Sporks, Mr Boom's Firework Factory, WinBot, InspIRCd, Botnix, IRC Defender + more",28,3,73,9,2012-03-20T14:15:45Z,2023-11-29T01:07:06Z,4
Bot,True,False,True,True,False,False,ü§ñ *beep-boop* I am a Bot account powered by Fabric Bot!,0,0,0,0,2021-06-23T15:41:13Z,2021-06-23T16:02:39Z,4
Human,True,False,True,False,True,False,"C'est la vie
",23,8,45,10,2017-06-16T19:23:23Z,2023-11-09T20:41:34Z,0
Bot,True,False,True,True,False,False,The AWS Cloud Development Kit is a framework for defining cloud infrastructure in code,1,0,73,0,2018-09-07T23:16:11Z,2023-11-07T15:32:40Z,0
Human,True,False,True,True,True,False,"Managing Member at Signature Group, LLC",11,0,12,2,2016-12-07T03:21:07Z,2023-12-03T23:19:23Z,0
Human,True,False,False,False,False,False,,52,0,6,1,2021-02-14T15:04:37Z,2023-10-09T05:03:13Z,0
Human,True,False,True,False,True,False,Mom to three sassy felines üê±üê±üê± and always seeking the thrill of learning new things ‚ú®,7,0,0,0,2019-07-13T23:59:04Z,2023-10-24T21:48:35Z,0
Bot,True,False,True,False,False,False,,0,0,4,0,2015-11-17T16:01:03Z,2023-12-11T11:06:46Z,1
Human,True,False,False,False,True,False,,144,22,566,35,2015-07-28T04:42:57Z,2023-09-14T17:19:32Z,0
Human,True,False,False,False,False,False,,51,0,4,2,2017-10-25T16:45:38Z,2023-11-27T22:15:19Z,0
Human,True,False,True,True,True,False,I am because we are.,273,118,864,223,2011-01-22T18:31:12Z,2023-10-07T19:25:36Z,0
Human,True,False,False,True,False,False,,29,0,16,4,2012-03-03T20:48:32Z,2023-12-04T12:19:56Z,0
Human,True,False,False,True,True,False,Japanese,465,39,410,49,2015-02-10T02:16:08Z,2023-12-01T14:31:24Z,0
Human,True,False,True,True,True,False,Interested in Game Engine Development and Computer Graphics,45,1,50,83,2019-05-17T05:01:12Z,2023-12-06T13:17:48Z,0
Human,True,False,False,True,True,False,"Author of @veucss, @Kuottes. I like fixing things, Working on @reactjs.  I always study programming and mathematics. I love algorithms, data structures, coding",56,0,38,0,2021-03-12T18:18:07Z,2023-10-02T09:07:33Z,0
Human,True,False,True,True,True,False,Passionate developer dreaming of making the world better through open source,62,3,54,51,2016-04-05T09:52:03Z,2023-11-23T12:09:21Z,0
Human,True,False,True,False,False,False,,62,28,46,0,2013-05-10T16:50:26Z,2023-11-22T10:46:51Z,0
Human,True,False,False,False,False,False,,13,1,5,0,2018-09-17T18:39:18Z,2023-11-28T02:30:31Z,0
Bot,False,False,False,False,False,False,,0,0,0,0,2019-06-25T09:22:06Z,2019-06-25T09:22:06Z,1
Human,True,False,True,False,True,True,I test in prod,156,51,3743,119,2011-02-16T08:44:27Z,2023-12-07T02:09:36Z,0
Human,True,False,False,False,True,False,"üöÄ AI Maestro | üß™ Chem Concocter | üé§ Public Speaker | üéì  Edinburgh's Creative Whirlwind üå™ | Code Wizard üßô‚Äç‚ôÇÔ∏è | Let's code, concoct & chuck üòÑ",105,0,155,8,2016-04-21T09:03:22Z,2023-11-28T18:43:15Z,0
Human,True,False,True,True,True,True,ly_ding@126.com,93,3,51,341,2017-10-23T06:52:54Z,2023-11-13T12:30:25Z,0
Human,True,False,True,True,False,False,Freelance Go & python developer looking for work,37,0,4,1,2018-01-07T10:56:53Z,2022-06-01T11:54:36Z,0
Human,True,False,True,False,True,False,// FIXME,371,3,54,6,2009-11-25T16:12:22Z,2023-11-20T17:58:17Z,0
Human,True,False,False,True,True,False,"Microsoft MVP, Software engineer, blogger",84,28,621,1,2010-12-04T13:33:57Z,2023-11-19T05:14:21Z,0
Human,True,False,False,False,False,False,,58,3,174,10,2013-06-24T20:14:35Z,2023-11-17T17:18:06Z,0
Human,True,False,True,True,True,False,"I'm a tech-lead in the Chatwork Inc, is lover to Scala/Rust, Akka, DDD/CQRS+Event Sourcing.",166,208,395,371,2010-10-31T14:52:36Z,2023-10-06T11:46:57Z,0
Human,True,False,True,True,True,True,"I'm a 4th Year Doctorate Student who  loves organic chemistry, devops, chemicals, social media, stock marketing, art, and  law. I try to develop in those areas.",128,15,130,733,2015-04-06T04:18:58Z,2023-12-06T13:41:30Z,0
Human,True,False,False,True,True,True,"Usually code in Python, Practice Data Analysis, and a bit of Web Development. Pen down a lot of articles around technologies I discover!",57,84,328,0,2018-09-29T03:33:33Z,2023-11-28T11:19:19Z,0
Human,True,False,True,False,True,False,"I am creating and maintaining a lot of software: safeclib, libredwg, smhasher, ctl, cperl, many perl5 modules (eg the compiler), ...",414,49,371,63,2008-12-20T16:51:59Z,2023-12-07T14:45:44Z,0
Human,True,False,True,False,False,False,,5,0,0,0,2015-07-07T05:49:01Z,2023-10-24T08:32:53Z,0
Human,True,False,True,True,True,False,,369,82,224,0,2010-11-03T04:22:56Z,2023-11-11T01:34:09Z,0
Bot,True,False,False,False,False,False,,0,0,5,0,2021-11-11T21:18:50Z,2021-11-12T00:45:13Z,0
Human,True,False,False,True,True,False,"Full Stack Web Developer with Python Flask and Django.
3 star Competitive Programmer on Codechef.",51,0,373,16,2019-09-15T13:39:24Z,2023-11-29T12:28:42Z,0
Human,True,False,False,True,False,True,,14,0,4,3,2017-08-30T11:08:16Z,2023-12-07T05:38:51Z,0
Bot,True,False,False,False,False,False,,2,0,27,0,2013-04-16T11:54:04Z,2023-09-27T09:07:49Z,0
Human,True,False,False,True,False,False,"Si hortum in bibliotheca habes, deerit nihil",149,8,578,12,2018-09-06T09:02:44Z,2023-11-26T13:43:39Z,0
Human,True,False,True,True,True,False,"Founder, open-source wizard, published author, and professional problem solver. Chai.js and Sinon.js maintainer. Testing expert. I strive to be lazy.
",77,7,1021,234,2014-03-06T02:12:04Z,2023-12-08T00:08:58Z,0
Human,True,False,False,True,False,False,Yes me ,5,2,1,4,2016-09-16T12:34:21Z,2023-12-01T12:39:32Z,0
Human,True,False,False,False,True,False,,14,1,6,0,2012-12-19T04:51:19Z,2023-07-10T13:15:54Z,0
Bot,False,False,False,False,False,False,,0,0,0,0,2020-02-15T06:55:57Z,2020-04-19T08:14:32Z,1
Human,True,False,True,True,True,False,,73,0,138,1,2011-08-22T18:16:51Z,2023-12-08T15:49:47Z,0
Bot,False,False,False,False,False,False,,0,0,0,0,2019-04-17T23:39:48Z,2019-05-01T02:40:51Z,1
Human,True,False,True,False,True,True,"Cloud Architect and Developer Advocate, formerly @broadinstitute. Founder at Alienwebshop. Lead Organizer of GDG Cloud Boston and Slack Boston",29,5,48,16,2012-05-22T14:50:03Z,2023-10-07T23:14:38Z,0
Bot,False,False,False,False,False,False,,0,0,0,0,2020-04-05T14:47:55Z,2022-03-21T15:55:49Z,2
Human,True,False,False,False,False,False,yxh,424,1,7,3,2017-02-05T14:50:38Z,2023-12-05T12:28:06Z,0
Bot,True,False,False,False,False,False,,1,0,12,0,2021-05-04T18:31:51Z,2022-02-03T10:34:20Z,1
Human,True,False,False,False,False,False,,19,0,5,14,2019-02-14T02:30:49Z,2023-12-02T21:16:02Z,0
Human,True,False,False,True,True,False,"Golang, Ruby, Regexp, V language, PEG, CUE, Zig, Rust, etc.",81,20,68,75,2013-04-29T10:20:40Z,2023-11-24T06:32:06Z,0
Human,True,False,False,True,True,False,"Software engineer, primarily using Rust, Python, Elixir, and TypeScript.",4,1,11,7,2016-11-26T10:44:02Z,2023-12-09T17:32:00Z,0
Human,True,False,True,True,True,False,"Regional Manager, Customer Engineering, @circleci. Former Staff DevOps Engineer @circleci. @microsoft alumni.",22,97,16,14,2011-06-24T05:58:03Z,2023-11-10T23:52:03Z,0
Human,True,False,True,True,True,False,"R developer, software engineer for Shiny at @posit-pbc (the company fka 
@rstudio)",268,132,974,274,2013-09-09T18:07:08Z,2023-12-04T14:00:30Z,0
Human,True,False,False,False,True,False,,41,0,11,6,2009-11-12T12:19:02Z,2023-12-05T13:55:22Z,0
Human,True,False,False,True,True,True,Software Engineer,76,2,270,448,2020-03-24T22:54:45Z,2023-11-17T22:31:23Z,0
Human,True,False,True,True,True,False,Product-minded Software Engineer & DevOps practitioner.,161,14,104,29,2010-12-16T20:20:17Z,2023-11-03T14:47:34Z,0
Human,True,False,True,False,True,False,,125,1,375,570,2015-05-06T07:33:30Z,2023-11-28T12:36:19Z,0
Bot,True,False,False,False,False,False,,1,0,1,0,2019-11-04T16:29:19Z,2023-02-07T20:05:32Z,1
Human,True,False,False,False,False,False,,8,0,4,0,2015-01-15T18:00:46Z,2023-11-22T19:36:09Z,0
Human,True,False,True,True,True,False,Mission Design Engineer for NASA's Jet Propulsion Lab. I make spacecraft trajectories!,28,0,3,37,2014-10-08T22:14:54Z,2023-12-08T12:28:01Z,0
Human,True,False,True,True,True,False,,27,91,39,5,2014-09-11T06:05:13Z,2023-12-03T12:22:06Z,0
Bot,False,False,False,False,False,False,,0,0,0,0,2018-09-21T18:36:19Z,2020-11-07T20:12:11Z,1
Human,True,False,False,True,False,False,,67,29,394,23,2009-03-03T03:39:52Z,2023-12-06T16:48:38Z,3
Human,True,False,False,True,False,True,Software  Engineer | Data Scientist ,51,0,79,7,2019-12-05T00:13:47Z,2023-12-11T22:27:00Z,0
Human,True,False,False,True,True,False,,160,43,503,0,2012-04-29T22:57:16Z,2023-12-11T12:20:29Z,0
Human,True,False,False,False,False,False,,479,0,1,2,2019-06-06T14:00:45Z,2023-03-21T17:55:27Z,0
Human,True,False,False,True,True,False,,30,0,1,7,2021-05-18T11:13:45Z,2023-12-10T13:00:48Z,0
Human,True,False,True,True,True,False,,100,10,55,91,2012-05-22T10:09:23Z,2023-09-28T13:34:41Z,0
Human,True,False,False,True,True,False,,59,0,0,0,2016-04-13T11:15:38Z,2023-11-13T07:34:01Z,0
Bot,True,False,True,True,True,False,,24,0,0,1,2013-02-06T09:22:42Z,2023-11-20T07:58:14Z,0
Human,True,False,False,True,True,True,20 | ASU '25 | Student Entrepreneur,35,1,55,4,2016-11-17T13:26:26Z,2023-11-28T12:48:34Z,0
Human,True,False,False,False,False,False,,26,0,0,4,2020-12-01T17:59:48Z,2023-11-01T18:13:19Z,0
Bot,True,False,True,True,True,False,Docs Build Service Account,1,0,4,0,2018-03-28T01:47:55Z,2021-04-02T20:49:15Z,0
Human,True,False,True,False,True,False,,71,3,292,239,2013-07-02T17:35:35Z,2023-12-10T23:47:26Z,0
Human,True,False,False,False,True,False,"Building software 
and web apps to enhance learning experiences and educational environments.",21,8,6,3,2020-09-09T20:21:51Z,2023-12-04T18:54:57Z,0
Human,True,False,False,True,True,False,Â¶ñÊ∞îÂáõÁÑ∂ÔºåÊ≠£Ê∞î‰∏ç‰æµ„ÄÇThe evil never been invaded by righteousness.,20,0,52,5,2017-08-30T06:16:05Z,2023-12-12T05:52:55Z,0
Human,True,False,False,False,False,False,ÂìàÂìàÂìà,10,0,296,0,2017-12-17T12:24:56Z,2023-10-12T06:31:19Z,0
Human,True,False,True,True,True,False,"EggJS/CNPM, always bet on opensource.",91,29,4767,113,2010-03-22T07:29:16Z,2023-06-11T04:33:54Z,0
Human,True,False,False,True,True,False,"Pale Moon and XUL add-ons developer.

I'm moving all my repos to https://tildegit.org/job due to GitHub's 2FA requirement.",30,5,13,0,2020-10-24T08:49:02Z,2023-09-23T11:32:43Z,0
Human,True,False,False,True,True,True,"Linux programmer interested in ARM computing, C and shell scripting",188,0,101,147,2020-09-09T18:20:06Z,2023-11-28T14:03:46Z,0
Human,True,False,False,True,True,False,,7,0,0,0,2014-09-21T14:14:08Z,2023-05-20T07:30:46Z,0
Bot,True,False,True,True,True,False,Docs Build Service Account,0,0,7,0,2018-03-28T01:49:27Z,2021-04-02T20:51:00Z,0
Human,True,False,False,False,False,False,,21,0,2,0,2017-09-11T13:35:01Z,2023-01-17T08:29:20Z,0
Human,True,False,True,True,True,False,You found me :),80,10,15,16,2014-10-14T16:10:47Z,2023-12-11T12:26:01Z,0
Human,True,False,False,False,False,False,,9,0,7,0,2020-01-29T23:51:15Z,2023-11-22T12:57:31Z,0
Bot,True,False,False,False,False,False,,1,0,31,0,2018-03-21T14:22:40Z,2022-08-26T17:33:03Z,0
Human,True,False,True,True,True,True,"Fullstack Software Developer & Lead Maintainer for: @LunarVim, @zap-zsh, @nodetec ",133,16,3210,15,2017-06-02T03:51:41Z,2023-11-28T23:49:56Z,0
Human,True,False,True,True,True,True,,22,9,7,9,2010-05-11T11:50:46Z,2023-10-19T02:13:53Z,0
Bot,True,False,False,False,False,False,,1,0,0,0,2021-01-05T18:33:41Z,2021-03-05T06:40:11Z,0
Human,True,False,False,True,True,True,"I'm Jozef Steinh√ºbl, alias Hyro :) o/ ‚ù§Ô∏èüî•
Software engineer & computer enthusiast  üíª‚ú®",49,5,227,30,2019-10-15T16:09:51Z,2023-11-12T12:44:28Z,0
Bot,False,False,False,False,False,False,,0,0,0,0,2021-02-15T11:24:51Z,2021-02-15T11:24:51Z,1
Human,True,False,False,True,True,False,,299,22,55,48,2011-08-20T14:06:47Z,2023-11-22T12:47:17Z,0
